case,well,pathway,strict_bic_weight,variance_window_weight,delta_bic,bic_window_scale
Massachusetts,MW-01,Theis confined,0.8552257706257106,0.38040458082775314,0.0,10.091950033354875
Massachusetts,MW-01,Hantush-Jacob leaky,0.14455954082522846,0.31896700004530965,3.555348046745735,10.091950033354875
Massachusetts,MW-01,Lagging Darcy no-leakage,0.0001893038624841896,0.16522801634166262,16.831534620457433,10.091950033354875
Massachusetts,MW-01,Lagging Darcy with leakage,2.538468657681934e-05,0.1354004027852746,20.849949341472666,10.091950033354875
Massachusetts,MW-02,Theis confined,3.740665916615705e-17,0.15104086521139024,74.88103802195644,43.82213288020032
Massachusetts,MW-02,Hantush-Jacob leaky,6.61539978799861e-18,0.14518616113119048,78.34593503959252,43.82213288020032
Massachusetts,MW-02,Lagging Darcy no-leakage,0.31898021594071563,0.3488413821563042,1.5169245506852462,43.82213288020032
Massachusetts,MW-02,Lagging Darcy with leakage,0.6810197840592844,0.3549315915011151,0.0,43.82213288020032
Massachusetts,MW-03,Theis confined,1.052355904033308e-12,0.15213825235892442,54.149229147881385,32.045400728104696
Massachusetts,MW-03,Hantush-Jacob leaky,1.8885236133895457e-13,0.14419748847603503,57.58487133796342,32.045400728104696
Massachusetts,MW-03,Lagging Darcy no-leakage,0.39672080114224106,0.34953121592549885,0.8382946886407012,32.045400728104696
Massachusetts,MW-03,Lagging Darcy with leakage,0.6032791988565177,0.35413304323954164,0.0,32.045400728104696
Massachusetts,MW-04,Theis confined,1.3138123116340282e-11,0.1526070503623904,49.810433863057966,28.75345417663136
Massachusetts,MW-04,Hantush-Jacob leaky,2.430625684306455e-12,0.14390915873630217,53.185172779006336,28.75345417663136
Massachusetts,MW-04,Lagging Darcy no-leakage,0.8604618328252909,0.3628649290823431,0.0,28.75345417663136
Massachusetts,MW-04,Lagging Darcy with leakage,0.13953816715914033,0.34061886181896434,3.6382621929456604,28.75345417663136
Massachusetts,MW-05,Theis confined,2.930067904644634e-22,0.1502802879106894,98.98606121593087,56.788877450132745
Massachusetts,MW-05,Hantush-Jacob leaky,5.538184871950257e-23,0.14593574090715067,102.31794898547079,56.788877450132745
Massachusetts,MW-05,Lagging Darcy no-leakage,0.9150140675103846,0.35925375282859734,0.0,56.788877450132745
Massachusetts,MW-05,Lagging Darcy with leakage,0.08498593248961539,0.3445302183535627,4.752907393628277,56.788877450132745
Massachusetts,MW-06,Theis confined,1.4250462929779963e-12,0.15236707414473666,54.48635859215324,30.614437535904358
Massachusetts,MW-06,Hantush-Jacob leaky,2.7424961166428015e-13,0.14438225685177172,57.7822003827788,30.614437535904358
Massachusetts,MW-06,Lagging Darcy no-leakage,0.966921930637169,0.37098910265910834,0.0,30.614437535904358
Massachusetts,MW-06,Lagging Darcy with leakage,0.03307806936113153,0.3322615663443833,6.750494505787856,30.614437535904358
Massachusetts,MW-07,Theis confined,8.710926452398523e-06,0.19483994125967866,23.231903285223154,17.869234924947246
Massachusetts,MW-07,Hantush-Jacob leaky,0.9656239911853362,0.37324368309475386,0.0,17.869234924947246
Massachusetts,MW-07,Lagging Darcy no-leakage,2.0966895727228665e-09,0.12222989045942259,39.895850732702115,17.869234924947246
Massachusetts,MW-07,Lagging Darcy with leakage,0.03436729579152176,0.3096864851861449,6.671338213838624,17.869234924947246
Massachusetts,MW-08,Theis confined,2.669889105563309e-23,0.1700168856722953,103.84283656430867,70.2042920634455
Massachusetts,MW-08,Hantush-Jacob leaky,0.945537321727814,0.3561934152547185,0.0,70.2042920634455
Massachusetts,MW-08,Lagging Darcy no-leakage,4.577233106850413e-31,0.13178731305427827,139.60608254746458,70.2042920634455
Massachusetts,MW-08,Lagging Darcy with leakage,0.05446267827218603,0.342002386018708,5.708475391172783,70.2042920634455
Massachusetts,MW-10,Theis confined,7.278987278775328e-46,0.1510808544002105,207.86784507050507,105.76815898063803
Massachusetts,MW-10,Hantush-Jacob leaky,1.0621347208934839e-46,0.14835643179502278,211.71726701423992,105.76815898063803
Massachusetts,MW-10,Lagging Darcy no-leakage,7.964960667985541e-15,0.29694301076118734,64.92744877933376,105.76815898063803
Massachusetts,MW-10,Lagging Darcy with leakage,0.999999999999992,0.4036197030435793,0.0,105.76815898063803
Massachusetts,MW-11,Theis confined,9.260674400035445e-25,0.15680453577633816,110.67770089808201,56.93337858517002
Massachusetts,MW-11,Hantush-Jacob leaky,4.2650239685142604e-10,0.2837331978123891,43.150806257540665,56.93337858517002
Massachusetts,MW-11,Lagging Darcy no-leakage,1.0731273253410427e-26,0.14499536380484082,119.59327059572806,56.93337858517002
Massachusetts,MW-11,Lagging Darcy with leakage,0.9999999995734976,0.414466902606432,0.0,56.93337858517002
Massachusetts,MW-12,Theis confined,0.8689929162067871,0.36448881270870487,0.0,18.61756255105987
Massachusetts,MW-12,Hantush-Jacob leaky,0.1310056282646682,0.3292661199322161,3.784189374881464,18.61756255105987
Massachusetts,MW-12,Lagging Darcy no-leakage,2.938185165528925e-09,0.12784598612523998,39.01010686284761,18.61756255105987
Massachusetts,MW-12,Lagging Darcy with leakage,1.4525903595531334e-06,0.17839908123383916,26.603483670138814,18.61756255105987
Massachusetts,MW-13,Theis confined,8.426824419814519e-24,0.1505820954638857,106.26061787109597,58.06447460013263
Massachusetts,MW-13,Hantush-Jacob leaky,1.5395601483712593e-24,0.14623748992478322,109.66046435800183,58.06447460013263
Massachusetts,MW-13,Lagging Darcy no-leakage,0.00031324609614942934,0.32720225260161423,16.13641626301967,58.06447460013263
Massachusetts,MW-13,Lagging Darcy with leakage,0.9996867539038505,0.3759781620097168,0.0,58.06447460013263
Lovelock Valley,WWBN,Theis confined,1.3893005529916222e-101,0.1912128608326981,464.3352113154722,394.8016495532975
Lovelock Valley,WWBN,Hantush-Jacob leaky,8.16298869808891e-178,0.12258304379756141,815.3916957510944,394.8016495532975
Lovelock Valley,WWBN,Lagging Darcy no-leakage,0.937359580220723,0.34427771723256695,0.0,394.8016495532975
Lovelock Valley,WWBN,Lagging Darcy with leakage,0.06264041977927706,0.34192637813717347,5.411312424822199,394.8016495532975
Lovelock Valley,LEID,Theis confined,5.383349757226509e-54,0.14967037868541885,245.0480043700437,142.1609585800957
Lovelock Valley,LEID,Hantush-Jacob leaky,2.4648047165967112e-55,0.1464586601052636,251.21557101601877,142.1609585800957
Lovelock Valley,LEID,Lagging Darcy no-leakage,0.8760938800485676,0.3543565286365959,0.0,142.1609585800957
Lovelock Valley,LEID,Lagging Darcy with leakage,0.12390611995143237,0.34951443257272174,3.9118981450060915,142.1609585800957
Lovelock Valley,MD,Theis confined,1.5889539829510472e-05,0.1623483410912736,21.872361058169176,12.902624161109232
Lovelock Valley,MD,Hantush-Jacob leaky,1.8025443779876189e-06,0.13714799864188396,26.225284678686577,12.902624161109232
Lovelock Valley,MD,Lagging Darcy no-leakage,0.8925533345589881,0.37892480912044085,0.0,12.902624161109232
Lovelock Valley,MD,Lagging Darcy with leakage,0.10742897335680429,0.32157885114640156,4.234512708474142,12.902624161109232
Lovelock Valley,MOIR,Theis confined,3.08369160001792e-07,0.15706083373280005,29.585227289210422,17.458322714474715
Lovelock Valley,MOIR,Hantush-Jacob leaky,4.337682712868944e-08,0.1403707633959029,33.50797183983133,17.458322714474715
Lovelock Valley,MOIR,Lagging Darcy no-leakage,0.8192593687972177,0.36647977431984374,0.0,17.458322714474715
Lovelock Valley,MOIR,Lagging Darcy with leakage,0.18074027945679508,0.33608862855145333,3.0226792853634947,17.458322714474715
Lovelock Valley,FETH,Theis confined,0.7839871718293088,0.42041987022391547,0.0,3.3452510056515536
Lovelock Valley,FETH,Hantush-Jacob leaky,0.11101741951242677,0.23437710344971038,3.9094110724196582,3.3452510056515536
Lovelock Valley,FETH,Lagging Darcy no-leakage,0.09190771088962443,0.22150886408498183,4.287215453386295,3.3452510056515536
Lovelock Valley,FETH,Lagging Darcy with leakage,0.013087697768639883,0.12369416224139221,8.185439940819123,3.3452510056515536
Lovelock Valley,WD,Theis confined,0.25911194396508164,0.28279969917450926,1.6841904840916868,2.532153234292891
Lovelock Valley,WD,Hantush-Jacob leaky,0.031097370776893084,0.12241937987818942,5.924464303545648,2.532153234292891
Lovelock Valley,WD,Lagging Darcy no-leakage,0.6014572294773994,0.39437404165707346,0.0,2.532153234292891
Lovelock Valley,WD,Lagging Darcy with leakage,0.10833345578062585,0.2004068792902279,3.428282805009246,2.532153234292891
Lovelock Valley,WS,Theis confined,0.5878504059951236,0.3930103358220715,0.0,2.5403472322363556
Lovelock Valley,WS,Hantush-Jacob leaky,0.07056501897843197,0.1706012133710481,4.239875928284022,2.5403472322363556
Lovelock Valley,WS,Lagging Darcy no-leakage,0.30390137363801273,0.3031172606119365,1.3195385680242282,2.5403472322363556
Lovelock Valley,WS,Lagging Darcy with leakage,0.03768320138843172,0.1332711901949438,5.494516190641093,2.5403472322363556
