well,pathway,n_points,n_valid_points,rmse_m,mae_m,sd_eta,mean_eta,aic,bic,boundary_hit_flag,validity_note,S,T_m2s,B_m,tau_q_s,tau_s_s,fit_nfev,fit_data_score,bic_theis,bic_lagging,delta_bic_minus_theis,delta_bic_minus_lagging
MW-01,Theis confined,35,35,0.011391697528104395,0.00837256502124002,0.07758360706343155,0.001051399895612533,-309.24093331439224,-306.1302371914134,False,infinite line source confined fit,0.0012298981086903413,5.5860707652879265e-05,,,,,,-306.1302371914134,-289.298702570956,0.0,-16.831534620457433
MW-01,Hantush-Jacob leaky,35,35,0.011391697525705019,0.008372565027576986,0.07758360709611736,0.0010513996735922809,-307.24093332913594,-302.5748891446677,True,conventional Hantush-Jacob leaky fit,0.0012298981080514,5.586070765659925e-05,999999.9549679868,,,10.0,,-306.1302371914134,-289.298702570956,3.555348046745735,-13.276186573711698
MW-01,Lagging Darcy no-leakage,35,35,0.013088761018575958,0.008208630351892185,0.05688840407786679,-0.0012444571212115317,-295.5200948169136,-289.298702570956,False,finite radius lagging Darcy limit without leakage,0.001295648847483,4.738342339267168e-05,,796.3678708405918,1143.286954437682,,,-306.1302371914134,-289.298702570956,16.831534620457433,0.0
MW-01,Lagging Darcy with leakage,35,35,0.013175633311392293,0.008086170788905183,0.05483527640517701,2.1365635455478886e-05,-293.05702815738783,-285.28028784994075,True,formal Lin and Yeh lagging leaky finite radius fit,0.0012919348574318887,4.7300327406449504e-05,999997.9935001928,462.8559358718511,764.9078381338733,12.0,0.1022348722838568,-306.1302371914134,-289.298702570956,20.849949341472666,4.018414721015233
MW-02,Theis confined,32,32,0.016022447393166758,0.012109982890370227,0.15689134782242706,0.012240087427310335,-260.56093298567714,-257.62946118007767,False,infinite line source confined fit,0.0012739874555567805,6.265228934464142e-05,,,,,,-257.62946118007767,-330.99357465134887,0.0,73.3641134712712
MW-02,Hantush-Jacob leaky,32,32,0.016022237379021233,0.012109830521916266,0.15689129398669024,0.012240756726974587,-258.56177187084074,-254.16456416244156,True,conventional Hantush-Jacob leaky fit,0.0012739877985683,6.265201084224587e-05,999842.9186481608,,,6.0,,-257.62946118007767,-330.99357465134887,3.4648970176361047,76.8290104889073
MW-02,Lagging Darcy no-leakage,32,32,0.00456935556678365,0.0030895735239428335,0.04692512303496405,0.0011121712852375139,-336.85651826254775,-330.99357465134887,False,finite radius lagging Darcy limit without leakage,0.0013767656060996,3.905574957938114e-05,,478.6199404036386,1117.168647512285,,,-257.62946118007767,-330.99357465134887,-73.3641134712712,0.0
MW-02,Lagging Darcy with leakage,32,32,0.004227108170142719,0.002630828517500946,0.029787119728540222,9.246033105456803e-05,-339.83917871603273,-332.5104992020341,True,formal Lin and Yeh lagging leaky finite radius fit,0.001349421163436444,4.0367732903066065e-05,999843.7381366739,215.98803251171253,668.2528722051445,6.0,0.02750572111860429,-257.62946118007767,-330.99357465134887,-74.88103802195644,-1.5169245506852462
MW-03,Theis confined,31,31,0.016912702309299938,0.013170842064257388,0.16861199570484922,0.013452635240447776,-248.94080005328013,-246.07282564430983,False,infinite line source confined fit,0.0023348819409484637,6.623275040910393e-05,,,,,,-246.07282564430983,-299.3837601035505,0.0,53.310934459240684
MW-03,Hantush-Jacob leaky,31,31,0.016913153771433917,0.01317117962288671,0.1686121184607466,0.01345114814475611,-246.93914506768323,-242.6371834542278,True,conventional Hantush-Jacob leaky fit,0.002334879982809,6.623336903030995e-05,999789.71692629,,,8.0,,-246.07282564430983,-299.3837601035505,3.435642190082035,56.74657664932272
MW-03,Lagging Darcy no-leakage,31,31,0.006407296333772603,0.0036847886926856996,0.049099575473437886,-0.004254327246370376,-305.1197089214911,-299.3837601035505,False,finite radius lagging Darcy limit without leakage,0.0025448350274769,4.072568778870733e-05,,462.5621206898106,1128.494026309998,,,-246.07282564430983,-299.3837601035505,-53.310934459240684,0.0
MW-03,Lagging Darcy with leakage,31,31,0.00598065217082141,0.0034684589450776518,0.03338192441492333,8.294124565531455e-05,-307.3919908146169,-300.2220547921912,True,formal Lin and Yeh lagging leaky finite radius fit,0.002511499708640811,4.235142699787101e-05,999789.8952063331,213.2778248022323,699.4852068424362,8.0,0.03343079958606678,-246.07282564430983,-299.3837601035505,-54.149229147881385,-0.8382946886407012
MW-04,Theis confined,29,29,0.01797192604287421,0.013807307017135395,0.2556022699691263,0.03299734705946453,-229.09877536896647,-226.36418370899352,False,infinite line source confined fit,0.0024142258445600225,6.49504592964171e-05,,,,,,-226.36418370899352,-276.1746175720515,0.0,49.810433863057966
MW-04,Hantush-Jacob leaky,29,29,0.017974232511389326,0.013808896287029599,0.25560321708390055,0.03299027130423703,-227.09133228300456,-222.98944479304515,True,conventional Hantush-Jacob leaky fit,0.0024142244652576,6.495370208240056e-05,999999.9999999782,,,10.0,,-226.36418370899352,-276.1746175720515,3.3747389159483703,53.185172779006336
MW-04,Lagging Darcy no-leakage,29,29,0.006779454509660092,0.004807584101563623,0.08632860439951837,-0.001555809743143394,-281.6438008919974,-276.1746175720515,False,finite radius lagging Darcy limit without leakage,0.0025698799133907,3.413870430101295e-05,,275.0943198570221,1059.337857266175,,,-226.36418370899352,-276.1746175720515,-49.810433863057966,0.0
MW-04,Lagging Darcy with leakage,29,29,0.006811201094325554,0.004606102037489797,0.05708657675674896,0.0006041360313546472,-279.3728345290382,-272.5363553791058,True,formal Lin and Yeh lagging leaky finite radius fit,0.002530002885414459,3.4988265104127816e-05,999995.2970210806,59.29866489388867,670.1489554374944,17.0,0.09125914731250438,-226.36418370899352,-276.1746175720515,-46.172171670112306,3.6382621929456604
MW-05,Theis confined,28,28,0.023675408154323948,0.018087353522447277,0.1927834347493256,0.006466292207305163,-205.62583040961147,-202.96142138926106,False,infinite line source confined fit,0.002512851912730033,7.801302842783104e-05,,,,,,-202.96142138926106,-301.9474826051919,0.0,98.98606121593085
MW-05,Hantush-Jacob leaky,28,28,0.02367527424463445,0.018087254444900717,0.19278341438206809,0.00646687943418657,-203.62614715024674,-199.62953361972112,True,conventional Hantush-Jacob leaky fit,0.0025128538876138,7.801279860241597e-05,999999.9999921144,,,7.0,,-202.96142138926106,-301.9474826051919,3.3318877695399465,102.31794898547079
MW-05,Lagging Darcy no-leakage,28,28,0.0035888123960707377,0.00253720228335669,0.0373482222196009,-0.007064195180507385,-307.2763006458927,-301.9474826051919,False,finite radius lagging Darcy limit without leakage,0.0029389732938816,4.155667695892961e-05,,459.0691613006662,1283.077146827861,,,-202.96142138926106,-301.9474826051919,-98.98606121593085,0.0
MW-05,Lagging Darcy with leakage,28,28,0.003681024216743328,0.0024423568620563535,0.02015400450711599,2.1638221578905684e-05,-303.85559776243963,-297.19457521156363,True,formal Lin and Yeh lagging leaky finite radius fit,0.002937836640546608,4.0313892657791304e-05,999999.9199135888,305.38391524497933,1070.6922740175448,7.0,0.010966978347120723,-202.96142138926106,-301.9474826051919,-94.23315382230257,4.752907393628277
MW-06,Theis confined,27,27,0.014299130907820453,0.01098944330582228,0.12786500823271757,0.0021088740644531127,-225.3680520389645,-222.77637830695585,False,infinite line source confined fit,0.0022773415967734614,6.698673365304115e-05,,,,,,-222.77637830695585,-277.2627368991091,0.0,54.48635859215324
MW-06,Hantush-Jacob leaky,27,27,0.014299132211853912,0.01098944435696206,0.12786500836484427,0.002108868277650954,-223.36804711434328,-219.4805365163303,True,conventional Hantush-Jacob leaky fit,0.0022773415780386,6.698673529602449e-05,999999.9510765184,,,8.0,,-222.77637830695585,-277.2627368991091,3.295841790625559,57.7822003827788
MW-06,Lagging Darcy no-leakage,27,27,0.004614133472588792,0.0037296061681880966,0.05226759129541405,-0.007631337841226108,-282.4460843631264,-277.2627368991091,False,finite radius lagging Darcy limit without leakage,0.0025810465535476,4.642246365376861e-05,,582.8233052711944,1138.662380079141,,,-222.77637830695585,-277.2627368991091,-54.48635859215324,0.0
MW-06,Lagging Darcy with leakage,27,27,0.00491897034214303,0.003677870976979924,0.03349004107723682,5.5667014226195824e-05,-276.9914267233429,-270.51224239332123,True,formal Lin and Yeh lagging leaky finite radius fit,0.002571566477015642,4.615389098278926e-05,999996.30829976,200.16401947464064,640.5085570318819,15.0,0.029161237803275005,-222.77637830695585,-277.2627368991091,-47.73586408636538,6.750494505787856
MW-07,Theis confined,35,35,0.00547901522994134,0.0026580693766898476,0.06119072236956008,4.862511322970791e-05,-360.47809277152714,-357.3673966485483,False,infinite line source confined fit,0.009240169350564794,3.345908841789134e-05,,,,,,-357.3673966485483,-340.70344920106936,0.0,-16.66394744747896
MW-07,Hantush-Jacob leaky,35,35,0.003736877475135866,0.0022518738356351576,0.05613382386261347,0.000534412926474438,-385.26534411823974,-380.5992999337715,False,conventional Hantush-Jacob leaky fit,0.0071141365808574,2.372217871643258e-05,16.079488614503813,,,24.0,,-357.3673966485483,-340.70344920106936,-23.231903285223154,-39.895850732702115
MW-07,Lagging Darcy no-leakage,35,35,0.006280191044822452,0.0026217504414383203,0.0653135196979559,-0.011196075478807096,-346.924841447027,-340.70344920106936,False,finite radius lagging Darcy limit without leakage,0.0090346672811388,3.067735512750697e-05,,887.9004126597315,1118.357617481449,,,-357.3673966485483,-340.70344920106936,16.66394744747896,0.0
MW-07,Lagging Darcy with leakage,35,35,0.003713496261699134,0.0020658359539984703,0.050912142525335616,0.0005482594950921202,-381.70470202737994,-373.92796171993285,False,formal Lin and Yeh lagging leaky finite radius fit,0.004906443962247062,1.1590416467777354e-05,9.997231810626834,447.71599379024576,1233.5024011153353,16.0,0.08814009331827156,-357.3673966485483,-340.70344920106936,-16.56056507138453,-33.22451251886349
MW-08,Theis confined,43,43,0.10764679766464631,0.09066160214736445,0.061000099808497174,-2.997535017275376e-07,-187.68538308138827,-184.16298285000113,False,infinite line source confined fit,0.0001581962868733425,2.4036238215348633e-05,,,,,,-184.16298285000113,-148.39973686684525,0.0,-35.76324598315588
MW-08,Hantush-Jacob leaky,43,43,0.030804036816837785,0.026200387562117858,0.01903691762841921,1.1729251879893125e-07,-293.2894197613905,-288.0058194143098,False,conventional Hantush-Jacob leaky fit,0.0002981122918764,1.381067162792918e-05,22.57968238430263,,,7.0,,-184.16298285000113,-148.39973686684525,-103.8428365643087,-139.60608254746458
MW-08,Lagging Darcy no-leakage,43,43,0.14949118128883482,0.12538406825899967,0.08103901976472482,0.013396418760243344,-155.4445373296195,-148.39973686684525,False,finite radius lagging Darcy limit without leakage,0.0003208130400091,1.959308303916298e-05,,878.4725873559078,1429.878012729459,,,-184.16298285000113,-148.39973686684525,35.76324598315588,0.0
MW-08,Lagging Darcy with leakage,43,43,0.030161117582265244,0.025820927226134546,0.017864091261490373,9.592669574504391e-05,-291.1033446016049,-282.29734402313704,False,formal Lin and Yeh lagging leaky finite radius fit,0.0003473858462831587,1.2264696227731939e-05,18.787051585617007,724.4962345670223,984.2875746454353,17.0,0.013403677460183113,-184.16298285000113,-148.39973686684525,-98.13436117313591,-133.8976071562918
MW-10,Theis confined,47,47,0.10453187905465033,0.081930520486026,0.2987744157212305,0.011730867708122867,-208.27673998929853,-204.5764447858784,False,infinite line source confined fit,0.002916614265507099,2.575575191395394e-05,,,,,,-204.5764447858784,-347.5168410770497,0.0,142.9403962911713
MW-10,Hantush-Jacob leaky,47,47,0.10453107209615133,0.08192986952801726,0.29877438556596264,0.011731624157394625,-206.27746564727371,-200.72702284214353,False,conventional Hantush-Jacob leaky fit,0.0029166204052592,2.575560588180641e-05,254596.7067144533,,,8.0,,-204.5764447858784,-347.5168410770497,3.849421943734882,146.7898182349062
MW-10,Lagging Darcy no-leakage,47,47,0.021050652132016526,0.01546631880649987,0.053902353714726105,0.002959618911102576,-354.91743148388997,-347.5168410770497,False,finite radius lagging Darcy limit without leakage,0.0035903133867812,1.223869377109961e-05,,235.0692323331452,1040.862249504757,,,-204.5764447858784,-347.5168410770497,-142.9403962911713,0.0
MW-10,Lagging Darcy with leakage,47,47,0.010127504926543456,0.0059616862578068825,0.0135826191380652,4.124419213351179e-05,-421.69502786493376,-412.4442898563835,False,formal Lin and Yeh lagging leaky finite radius fit,0.003552257351334387,1.0752153643226129e-05,254596.89718102384,132.90452382261773,954.3343451133239,8.0,0.008486506912806894,-204.5764447858784,-347.5168410770497,-207.86784507050507,-64.92744877933376
MW-11,Theis confined,39,39,0.12235136597935925,0.09710545186957144,0.08206812666826718,-4.022983522912933e-06,-159.86694932137578,-156.53982602911648,False,infinite line source confined fit,0.00020343994880263601,1.785730475403275e-05,,,,,,-156.53982602911648,-147.62425633147043,0.0,-8.915569697646049
MW-11,Hantush-Jacob leaky,39,39,0.04911668514986597,0.042854851936661456,0.04846785022989788,6.316466078703032e-06,-229.0574056080468,-224.06672066965785,False,conventional Hantush-Jacob leaky fit,0.0001997351685529,1.2372795177015155e-05,32.735298640815145,,,7.0,,-156.53982602911648,-147.62425633147043,-67.52689464054137,-76.44246433818742
MW-11,Lagging Darcy no-leakage,39,39,0.12486855847495357,0.10169569527453085,0.08349561975660237,0.01813446122803317,-154.278502915989,-147.62425633147043,False,finite radius lagging Darcy limit without leakage,0.0002151691966907,1.770005369352165e-05,,982.0304801347924,1022.445807415356,,,-156.53982602911648,-147.62425633147043,8.915569697646049,0.0
MW-11,Lagging Darcy with leakage,39,39,0.025714263909780006,0.022167494272359346,0.01981185754081293,0.0002759703890861014,-275.53533515784676,-267.21752692719855,False,formal Lin and Yeh lagging leaky finite radius fit,0.00022867823617245397,5.96144126147893e-06,14.788043933791819,231.23379019158398,696.8243829647922,26.0,0.014918338796834156,-156.53982602911648,-147.62425633147043,-110.67770089808207,-119.59327059572811
MW-12,Theis confined,44,44,0.036309621293559635,0.031472133747594166,0.054862564076925954,3.7295052877925686e-05,-287.7791820610801,-284.2108027932436,False,infinite line source confined fit,0.00016521696004980678,2.4939820867403872e-05,,,,,,-284.2108027932436,-245.20069593039602,0.0,-39.01010686284758
MW-12,Hantush-Jacob leaky,44,44,0.036309621186678624,0.03147213367118996,0.05486256410183345,3.7295071907705174e-05,-285.77918232011694,-280.42661341836214,True,conventional Hantush-Jacob leaky fit,0.0001652169599121,2.493982085721241e-05,999999.9505291092,,,5.0,,-284.2108027932436,-245.20069593039602,3.784189374881464,-35.225917487966115
MW-12,Lagging Darcy no-leakage,44,44,0.051902923319887634,0.04385042506991738,0.05270203247695128,0.014729148937892829,-252.33745446606906,-245.20069593039602,False,finite radius lagging Darcy limit without leakage,0.0002221185797629,2.103515541949877e-05,,744.7424644240206,1246.607292753352,,,-284.2108027932436,-245.20069593039602,39.01010686284758,0.0
MW-12,Lagging Darcy with leakage,44,44,0.04318048276005739,0.03428802560343738,0.04119613981444194,1.1717518889191503e-05,-266.52826729269606,-257.60731912310473,True,formal Lin and Yeh lagging leaky finite radius fit,0.00019293056344331312,2.248276326682364e-05,999953.9464019607,265.3453556505315,415.31262249429335,16.0,0.07297624927248604,-284.2108027932436,-245.20069593039602,26.60348367013887,-12.406623192708707
MW-13,Theis confined,30,30,0.02405041271224081,0.015331269838941071,0.2400675273128705,0.027258225889806354,-219.6561873191285,-216.85379255580418,False,infinite line source confined fit,0.0008290440354321655,7.90330964405873e-05,,,,,,-216.85379255580418,-306.97799416388045,0.0,90.12420160807628
MW-13,Hantush-Jacob leaky,30,30,0.024049871225396275,0.015330921521077722,0.24006727632117583,0.027260364640664555,-217.65753821388475,-213.4539460688983,True,conventional Hantush-Jacob leaky fit,0.0008290443484679,7.903184784062489e-05,999963.021858744,,,6.0,,-216.85379255580418,-306.97799416388045,3.3998464869058864,93.52404809498216
MW-13,Lagging Darcy no-leakage,30,30,0.0047812828260106015,0.0032689471905887964,0.04881375725623903,0.007024616863502022,-312.5827836905291,-306.97799416388045,False,finite radius lagging Darcy limit without leakage,0.0008742923489341,3.51123788961532e-05,,330.9945713280311,1335.563586807421,,,-216.85379255580418,-306.97799416388045,-90.12420160807628,0.0
MW-13,Lagging Darcy with leakage,30,30,0.00345244263291024,0.0023902295108315904,0.03081231832171189,8.074318710566154e-05,-330.1203973352109,-323.1144104269001,True,formal Lin and Yeh lagging leaky finite radius fit,0.0008457749658286253,3.1471165600746844e-05,999964.8634525212,251.4993079710341,1258.2558428362943,5.0,0.027532765434264486,-216.85379255580418,-306.97799416388045,-106.26061787109595,-16.13641626301967
