test_name,reference_solution,tested_solution,limiting_case,radius_m,n_times,pass_flag,rmse_m,mae_m,max_abs_error_m,bias_eta,sd_eta,max_abs_eta
Hantush B -> infinity recovers Theis,Theis confined,Hantush-Jacob leaky,B=1e12 m,10.0,40,True,0.0,0.0,0.0,0.0,0.0,0.0
Lagging tau_q=tau_s recovers Theis,Theis confined,Lagging Darcy no-leakage,tau_q=tau_s=1000 s,10.0,40,True,1.3953643903176147e-05,1.0468992779532213e-05,3.597399033371945e-05,-0.0007982447250166186,0.00344900673088218,0.015317907418789585
Lagging leaky tau_q=tau_s recovers Hantush,Hantush-Jacob leaky,Lagging Darcy with leakage,"B=80 m, tau_q=tau_s=1000 s",10.0,40,False,0.0284114240138418,0.014433667837837028,0.0798211294122102,0.019499801437247482,0.03372353096346072,0.10235678607721257
Lagging leaky B -> infinity recovers lagging no-leakage,Lagging Darcy no-leakage,Lagging Darcy with leakage,"B=1e12 m, tau_q=100 s, tau_s=1000 s",10.0,40,True,0.0,0.0,0.0,0.0,0.0,0.0
Lagging leaky no-lag and B -> infinity recovers Theis,Theis confined,Lagging Darcy with leakage,"B=1e12 m, tau_q=tau_s=0 s",10.0,40,True,1.3953643903176147e-05,1.0468992779532213e-05,3.597399033371945e-05,-0.0007982447250166186,0.00344900673088218,0.015317907418789585
Hantush B -> infinity recovers Theis,Theis confined,Hantush-Jacob leaky,B=1e12 m,20.0,40,True,0.0,0.0,0.0,0.0,0.0,0.0
Lagging tau_q=tau_s recovers Theis,Theis confined,Lagging Darcy no-leakage,tau_q=tau_s=1000 s,20.0,40,True,1.3943022719171593e-05,1.0226866136451113e-05,3.6521873412402595e-05,-0.0003422104302415874,0.00390269826630476,0.015150473564372546
Lagging leaky tau_q=tau_s recovers Hantush,Hantush-Jacob leaky,Lagging Darcy with leakage,"B=80 m, tau_q=tau_s=1000 s",20.0,40,False,0.0007350656943236784,0.00035347039065425454,0.002171686231201564,0.00027731766652763274,0.004184909406780916,0.01517899945692126
Lagging leaky B -> infinity recovers lagging no-leakage,Lagging Darcy no-leakage,Lagging Darcy with leakage,"B=1e12 m, tau_q=100 s, tau_s=1000 s",20.0,40,True,0.0,0.0,0.0,0.0,0.0,0.0
Lagging leaky no-lag and B -> infinity recovers Theis,Theis confined,Lagging Darcy with leakage,"B=1e12 m, tau_q=tau_s=0 s",20.0,40,True,1.3943022719171593e-05,1.0226866136451113e-05,3.6521873412402595e-05,-0.0003422104302415874,0.00390269826630476,0.015150473564372546
Hantush B -> infinity recovers Theis,Theis confined,Hantush-Jacob leaky,B=1e12 m,50.0,40,True,0.0,0.0,0.0,0.0,0.0,0.0
Lagging tau_q=tau_s recovers Theis,Theis confined,Lagging Darcy no-leakage,tau_q=tau_s=1000 s,50.0,40,True,1.3829163383575248e-05,9.445630104558527e-06,3.6804597627601576e-05,-0.0003362382123161214,0.0039034043840617872,0.014626036683904319
Lagging leaky tau_q=tau_s recovers Hantush,Hantush-Jacob leaky,Lagging Darcy with leakage,"B=80 m, tau_q=tau_s=1000 s",50.0,40,False,5.0627008906434247e-05,2.2566925747538547e-05,0.00025884263778647165,-0.0004010183792542259,0.003924916610447202,0.014677414437097495
Lagging leaky B -> infinity recovers lagging no-leakage,Lagging Darcy no-leakage,Lagging Darcy with leakage,"B=1e12 m, tau_q=100 s, tau_s=1000 s",50.0,40,True,0.0,0.0,0.0,0.0,0.0,0.0
Lagging leaky no-lag and B -> infinity recovers Theis,Theis confined,Lagging Darcy with leakage,"B=1e12 m, tau_q=tau_s=0 s",50.0,40,True,1.3829163383575248e-05,9.445630104558527e-06,3.6804597627601576e-05,-0.0003362382123161214,0.0039034043840617872,0.014626036683904319
Hantush B -> infinity recovers Theis,Theis confined,Hantush-Jacob leaky,B=1e12 m,100.0,40,True,0.0,0.0,0.0,0.0,0.0,0.0
Lagging tau_q=tau_s recovers Theis,Theis confined,Lagging Darcy no-leakage,tau_q=tau_s=1000 s,100.0,40,True,1.3403994019085429e-05,8.163789051170407e-06,3.642426953740126e-05,-0.00033090247671378953,0.0039036923739517782,0.015075195334382193
Lagging leaky tau_q=tau_s recovers Hantush,Hantush-Jacob leaky,Lagging Darcy with leakage,"B=80 m, tau_q=tau_s=1000 s",100.0,40,True,1.6370491490877898e-05,9.85208066568113e-06,3.7757285493262085e-05,-0.0003803030984543696,0.003990272250415045,0.015319196304352524
Lagging leaky B -> infinity recovers lagging no-leakage,Lagging Darcy no-leakage,Lagging Darcy with leakage,"B=1e12 m, tau_q=100 s, tau_s=1000 s",100.0,40,True,0.0,0.0,0.0,0.0,0.0,0.0
Lagging leaky no-lag and B -> infinity recovers Theis,Theis confined,Lagging Darcy with leakage,"B=1e12 m, tau_q=tau_s=0 s",100.0,40,True,1.3403994019085429e-05,8.163789051170407e-06,3.642426953740126e-05,-0.00033090247671378953,0.0039036923739517782,0.015075195334382193
Hantush B -> infinity recovers Theis,Theis confined,Hantush-Jacob leaky,B=1e12 m,200.0,40,True,0.0,0.0,0.0,0.0,0.0,0.0
Lagging tau_q=tau_s recovers Theis,Theis confined,Lagging Darcy no-leakage,tau_q=tau_s=1000 s,200.0,40,True,1.144598538921895e-05,5.399274188726211e-06,3.580085369014538e-05,-0.00031875941847050516,0.003903979430215136,0.01529893662218967
Lagging leaky tau_q=tau_s recovers Hantush,Hantush-Jacob leaky,Lagging Darcy with leakage,"B=80 m, tau_q=tau_s=1000 s",200.0,40,True,1.0583008057940686e-05,4.878655193712785e-06,3.763648225397348e-05,-0.0001660715001644852,0.004059437552014797,0.014274945536609965
Lagging leaky B -> infinity recovers lagging no-leakage,Lagging Darcy no-leakage,Lagging Darcy with leakage,"B=1e12 m, tau_q=100 s, tau_s=1000 s",200.0,40,True,0.0,0.0,0.0,0.0,0.0,0.0
Lagging leaky no-lag and B -> infinity recovers Theis,Theis confined,Lagging Darcy with leakage,"B=1e12 m, tau_q=tau_s=0 s",200.0,40,True,1.144598538921895e-05,5.399274188726211e-06,3.580085369014538e-05,-0.00031875941847050516,0.003903979430215136,0.01529893662218967
