dataset,outcome,factor,n,group_count,eta2_marginal,top_level,top_level_mean,bottom_level,bottom_level_mean
all_fits,lnM_S,pathway,160012,4,0.09104362913394679,Theis confined,0.2463139849304921,Lagging Darcy with leakage,-0.8894322753314005
all_fits,lnM_S,noise_sd_m,160012,4,0.034895973731022406,0.0,0.24224496467887477,0.01,-0.49453064729911766
all_fits,lnM_S,radius_bin,160012,4,0.013207960286728125,near,0.030492452418787914,very_far,-0.4024897797265877
all_fits,lnM_S,leakage_present,160012,2,0.009143411706124894,False,-0.009555427996199038,True,-0.305692165286452
all_fits,lnM_S,duration_days,160012,4,0.008919305258371119,10.0,-0.0457894058105464,1.0,-0.4012255010720544
all_fits,lnM_S,scenario_class,160012,10,0.008070175078618456,combined leakage boundary,0.0626019548812731,homogeneous confined,-0.32497340402184377
all_fits,lnM_S,obs_layout,160012,6,0.0026693776635151162,near4,-0.06581496183354967,far4,-0.31060909972170936
all_fits,lnM_S,sigma_ln_s_bin,160012,4,0.0012887323629086442,low,-0.04289889476078436,none,-0.22712024489445917
all_fits,lnM_S,anisotropy_bin,160012,4,0.0012445327883562583,high_Kx,-0.06885090331610105,near_iso,-0.22451558978589398
all_fits,lnM_S,support_spread_bin,160012,4,0.001073766178855421,high,-0.09813319624627481,none,-0.2408738779549201
all_fits,lnM_S,sigma_ln_k_bin,160012,4,0.0008770869713700567,high,-0.12903581139091078,none,-0.2401618511278231
all_fits,lnM_S,boundary_type,160012,4,0.0003854039631947734,constant_head_east,-0.14191564706125365,none,-0.2188452383145622
all_fits,lnM_S,domain_m,160012,5,0.00034421337149423577,405.0,-0.11598672792381436,1005.0,-0.22100851619032294
all_fits,lnM_S,corr_len_m_bin,160012,4,0.00030729552973538204,moderate,-0.16102621709071502,none_or_short,-0.22285455583929167
all_fits,lnM_S,dx_m,160012,3,5.520068979695479e-05,7.5,-0.18679678506467906,5.0,-0.2121395023160932
all_fits,lnM_S,boundary_present,160012,2,6.563189359356066e-06,False,-0.19895872650383514,True,-0.2066834365781374
all_fits,lnM_S,time_count,160012,3,5.731144896787891e-06,20,-0.19859689496538194,28,-0.206900353213724
all_fits,lnM_T,pathway,160012,4,0.13934609554513835,Theis confined,0.5996976876602205,Lagging Darcy with leakage,-1.4616901606399268
all_fits,lnM_T,noise_sd_m,160012,4,0.03194632161572819,0.0,0.39796615798462665,0.01,-0.5111645292678619
all_fits,lnM_T,scenario_class,160012,10,0.0204885218256456,combined leakage boundary,0.2720457025595944,homogeneous confined,-0.4396030537082901
all_fits,lnM_T,radius_bin,160012,4,0.007994319620780435,near,0.01089854389389784,far,-0.5042017986966503
all_fits,lnM_T,duration_days,160012,4,0.003791154062721835,10.0,-0.07049881343008842,1.0,-0.37768613598329376
all_fits,lnM_T,leakage_present,160012,2,0.0023230660702680053,False,-0.0799613789960214,True,-0.28737809494266053
all_fits,lnM_T,sigma_ln_s_bin,160012,4,0.0018996923903811809,low,0.06657262508739012,none,-0.2558862489828145
all_fits,lnM_T,obs_layout,160012,6,0.0013382340889808843,near4,-0.12816142237449957,standard4,-0.3518945021424513
all_fits,lnM_T,anisotropy_bin,160012,4,0.0008771114783532346,moderate,-0.0168789507144154,near_iso,-0.23942168147451426
all_fits,lnM_T,support_spread_bin,160012,4,0.0007317948413321233,moderate,-0.12790426707122318,none,-0.25931358338758764
all_fits,lnM_T,sigma_ln_k_bin,160012,4,0.0006735858101043677,high,-0.12168795860786315,none,-0.25792961295380873
all_fits,lnM_T,boundary_type,160012,4,0.0005389200943745817,constant_head_x,-0.11894424651726256,none,-0.24331458301172537
all_fits,lnM_T,time_count,160012,3,0.0002926139561441096,20,-0.1733427198157137,40,-0.25923085945795477
all_fits,lnM_T,corr_len_m_bin,160012,4,0.00022615378997102492,very_long,-0.14693727455741157,none_or_short,-0.23960673073956607
all_fits,lnM_T,domain_m,160012,5,8.082096130589878e-05,1205.0,-0.18066241754960286,405.0,-0.23097919287074398
all_fits,lnM_T,boundary_present,160012,2,3.032133526660195e-05,False,-0.20555723338303125,True,-0.22862862046796426
all_fits,lnM_T,dx_m,160012,3,1.0287411980306403e-05,10.0,-0.2088286852161857,5.0,-0.22396911778916231
all_fits,lnM_response_time,pathway,160012,4,0.10601652290844922,Lagging Darcy with leakage,0.5722578853085263,Hantush-Jacob leaky,-0.4344338405013902
all_fits,lnM_response_time,scenario_class,160012,10,0.016592300619708032,anisotropic heterogeneous K,0.1793563224711662,heterogeneous leakage,-0.2755285412592063
all_fits,lnM_response_time,radius_bin,160012,4,0.013500034255270868,far,0.18556161694614384,very_far,-0.2277964879945873
all_fits,lnM_response_time,noise_sd_m,160012,4,0.006746393260001366,0.003,0.13628890925510473,0.0,-0.15572119330575185
all_fits,lnM_response_time,obs_layout,160012,6,0.0032562493199517514,standard4,0.14019321044833716,mixed4,-0.08983134423304463
all_fits,lnM_response_time,support_spread_bin,160012,4,0.0015216400639603246,high,0.10640053412772883,moderate,-0.0555250747597405
all_fits,lnM_response_time,leakage_present,160012,2,0.0010673197267064237,False,0.07040595099982236,True,-0.0183140703437915
all_fits,lnM_response_time,sigma_ln_s_bin,160012,4,0.0008181223451810768,none,0.02876600408835531,low,-0.1094715198481745
all_fits,lnM_response_time,time_count,160012,3,0.0007171004909150733,40,0.05860989844955441,20,-0.025254175149668236
all_fits,lnM_response_time,domain_m,160012,5,0.00045477926102584497,405.0,0.11499246494692959,1205.0,-0.0017770684921007173
all_fits,lnM_response_time,anisotropy_bin,160012,4,0.0004216038509684309,low_Ky,0.06228656502738395,moderate,-0.08853506860315613
all_fits,lnM_response_time,duration_days,160012,4,0.0002944326031596703,2.0,0.03537473091676631,1.0,-0.023539365088760644
all_fits,lnM_response_time,boundary_type,160012,4,0.00022552894273778948,none,0.024469344697163185,constant_head_x,-0.02830172594813128
all_fits,lnM_response_time,corr_len_m_bin,160012,4,0.00018601660619133235,moderate,0.023226146022183237,very_long,-0.04882852030944476
all_fits,lnM_response_time,sigma_ln_k_bin,160012,4,6.442765976451197e-05,low,0.022139643110889756,high,-0.007347852783047628
all_fits,lnM_response_time,dx_m,160012,3,5.3672978274416034e-05,7.5,0.024780659591559614,10.0,0.0015979055189514083
all_fits,lnM_response_time,boundary_present,160012,2,3.369045092994846e-05,True,0.021945183889826855,False,0.006598506879196132
all_fits,sd_eta,noise_sd_m,160012,4,0.7684962652880539,0.01,0.8831549195386514,0.0,0.051004956814325694
all_fits,sd_eta,radius_bin,160012,4,0.0587199122980673,very_far,0.5196117933873179,near,0.3056804027383608
all_fits,sd_eta,obs_layout,160012,6,0.011675127036592833,far4,0.484878104485484,near4,0.3645248890029773
all_fits,sd_eta,pathway,160012,4,0.007919485246187043,Theis confined,0.46278970965430516,Lagging Darcy with leakage,0.3943595755244711
all_fits,sd_eta,duration_days,160012,4,0.002043858278621704,1.0,0.4470106056578084,10.0,0.41148057961488926
all_fits,sd_eta,domain_m,160012,5,0.0007457637186986008,1005.0,0.4438711370982438,405.0,0.40174944486876346
all_fits,sd_eta,anisotropy_bin,160012,4,0.0005667720738200707,moderate,0.4639900109300602,low_Ky,0.41804477231216813
all_fits,sd_eta,sigma_ln_s_bin,160012,4,0.000461168833250472,moderate,0.4499150402242728,high,0.41036032680704315
all_fits,sd_eta,dx_m,160012,3,0.0003016176958830715,10.0,0.43627362110773626,7.5,0.4217189037055505
all_fits,sd_eta,boundary_type,160012,4,0.00027655321044558025,constant_head_x,0.44764843011705413,constant_head_all,0.4234621540276723
all_fits,sd_eta,scenario_class,160012,10,0.00020212196045446364,combined leakage boundary,0.4405267884055943,finite no-flow boundary,0.4248099322101823
all_fits,sd_eta,sigma_ln_k_bin,160012,4,0.00015779648628409308,low,0.4397826392852503,none,0.42706571801330223
all_fits,sd_eta,support_spread_bin,160012,4,0.00013966432189086497,low,0.43770071095107943,high,0.4249831874782786
all_fits,sd_eta,time_count,160012,3,7.371661419064157e-05,40,0.43308971275167324,28,0.42589839864610485
all_fits,sd_eta,corr_len_m_bin,160012,4,5.950899144770145e-05,very_long,0.4332757278768432,long,0.4261347280704128
all_fits,sd_eta,leakage_present,160012,2,4.6802312922380604e-05,True,0.43173463672612017,False,0.4266949954689583
all_fits,sd_eta,boundary_present,160012,2,7.955316435325665e-07,False,0.4302266952821018,True,0.42958698804236256
quality_gated,lnM_S,pathway,88106,4,0.07081181690811916,Theis confined,0.1939284208960999,Lagging Darcy with leakage,-0.40199898661389033
quality_gated,lnM_S,radius_bin,88106,4,0.026660769389976934,near,0.11275491544700314,very_far,-0.3487647774442145
quality_gated,lnM_S,noise_sd_m,88106,4,0.01980220319623767,0.0,0.14925398216256835,0.01,-0.26013876688617527
quality_gated,lnM_S,leakage_present,88106,2,0.013067623790970954,False,0.04446565174419731,True,-0.1877767467093994
quality_gated,lnM_S,duration_days,88106,4,0.005883263302650439,10.0,0.004999350657944386,1.0,-0.20525571312276214
quality_gated,lnM_S,obs_layout,88106,6,0.004851656509604954,near4,0.028287123344356634,far4,-0.1963348575783674
quality_gated,lnM_S,scenario_class,88106,10,0.004203329076460689,combined leakage boundary,0.06714006358268734,finite no-flow boundary,-0.1515531546942773
quality_gated,lnM_S,anisotropy_bin,88106,4,0.001075916915216104,high_Kx,0.035202980398797906,near_iso,-0.09870237494667929
quality_gated,lnM_S,support_spread_bin,88106,4,0.0009946434963796034,high,-0.006981668629914701,none,-0.10129991893990122
quality_gated,lnM_S,sigma_ln_s_bin,88106,4,0.000881579573110419,moderate,-0.01048640481219825,none,-0.09951122074871568
quality_gated,lnM_S,domain_m,88106,5,0.0005739609990043426,405.0,-0.003695805721110655,1005.0,-0.10047036205700882
quality_gated,lnM_S,sigma_ln_k_bin,88106,4,0.0005379909474922138,high,-0.04418685462510955,low,-0.10929085297547825
quality_gated,lnM_S,boundary_type,88106,4,0.00037880876656479624,constant_head_east,-0.034287625677058856,none,-0.09618470205837165
quality_gated,lnM_S,corr_len_m_bin,88106,4,0.0002741911260491527,moderate,-0.05737621513515935,very_long,-0.114434165374189
quality_gated,lnM_S,time_count,88106,3,7.399326723536766e-05,20,-0.0749072321770794,40,-0.09626964406230094
quality_gated,lnM_S,dx_m,88106,3,5.613615308358775e-05,7.5,-0.07464245305552823,5.0,-0.09187965462017664
quality_gated,lnM_S,boundary_present,88106,2,3.3884605769872076e-06,False,-0.08373177299885666,True,-0.08752055718627347
quality_gated,lnM_T,pathway,88106,4,0.08722290705155442,Theis confined,0.4456128944723663,Lagging Darcy with leakage,-0.6927510336769809
quality_gated,lnM_T,noise_sd_m,88106,4,0.020039385331967297,0.0,0.12897802638436573,0.01,-0.43400886763973
quality_gated,lnM_T,scenario_class,88106,10,0.018910777700088484,vertical leakage,0.14062129384693617,anisotropic heterogeneous K,-0.360247923937574
quality_gated,lnM_T,radius_bin,88106,4,0.006188365461468823,near,-0.06808357117142856,far,-0.37008334490655015
quality_gated,lnM_T,leakage_present,88106,2,0.006176575665721611,False,-0.05798504010183002,True,-0.28972640687308365
quality_gated,lnM_T,duration_days,88106,4,0.0013610845169247335,10.0,-0.12433057951895007,1.0,-0.2680950933527839
quality_gated,lnM_T,sigma_ln_s_bin,88106,4,0.0012891374203020198,low,-0.049380935110393674,none,-0.21283958563605282
quality_gated,lnM_T,anisotropy_bin,88106,4,0.0009893437685267977,moderate,-0.022546008360682882,low_Ky,-0.23053440124826527
quality_gated,lnM_T,obs_layout,88106,6,0.0006916702431465971,mixed4,-0.13940260151250564,standard4,-0.2588241844495684
quality_gated,lnM_T,time_count,88106,3,0.000604671340749302,20,-0.15217685120585167,40,-0.2387392596066198
quality_gated,lnM_T,support_spread_bin,88106,4,0.0005063648074589446,moderate,-0.1345214478616996,high,-0.2212956402893907
quality_gated,lnM_T,boundary_type,88106,4,0.0003767854686437273,constant_head_east,-0.1279672992660757,none,-0.20431416718242923
quality_gated,lnM_T,sigma_ln_k_bin,88106,4,0.0001782311642731645,high,-0.1513367387140884,low,-0.21035151987523865
quality_gated,lnM_T,boundary_present,88106,2,0.00011253537021107182,False,-0.17470910578167956,True,-0.2063996469855311
quality_gated,lnM_T,corr_len_m_bin,88106,4,0.00011150477661851287,moderate,-0.16044243033286446,none_or_short,-0.19903579273168273
quality_gated,lnM_T,domain_m,88106,5,3.446802211984786e-05,1205.0,-0.17782805159482085,405.0,-0.21269867215264746
quality_gated,lnM_T,dx_m,88106,3,1.5268546789433755e-05,10.0,-0.17935328401811143,7.5,-0.19217761308080147
quality_gated,lnM_response_time,pathway,88106,4,0.049468006336451646,Lagging Darcy with leakage,0.29075204706309055,Theis confined,-0.2516844735762664
quality_gated,lnM_response_time,radius_bin,88106,4,0.025692538568015212,far,0.20981597898573892,very_far,-0.24193895411266964
quality_gated,lnM_response_time,scenario_class,88106,10,0.018377625399992745,anisotropic heterogeneous K,0.2689450102371794,heterogeneous leakage,-0.16288553625191862
quality_gated,lnM_response_time,obs_layout,88106,6,0.0051486419667921045,standard4,0.19063057771752456,far4,-0.00458804389271379
quality_gated,lnM_response_time,noise_sd_m,88106,4,0.004121944077743735,0.01,0.17387010075355472,0.0,0.02027595577820263
quality_gated,lnM_response_time,support_spread_bin,88106,4,0.002609547132106234,high,0.21431397165947602,moderate,0.036092487115113085
quality_gated,lnM_response_time,anisotropy_bin,88106,4,0.0010000949927378147,low_Ky,0.20152721489935418,moderate,0.011603397148046915
quality_gated,lnM_response_time,domain_m,88106,5,0.0007855038987138982,405.0,0.20900286643153682,1005.0,0.08908022929553475
quality_gated,lnM_response_time,time_count,88106,3,0.0006627342234472393,40,0.14246961554431886,20,0.07726961902877227
quality_gated,lnM_response_time,sigma_ln_s_bin,88106,4,0.0005670008916528063,none,0.11332836488733712,low,0.018002609241055696
quality_gated,lnM_response_time,duration_days,88106,4,0.0004952134793794637,10.0,0.12932993017689445,1.0,0.06283938023002178
quality_gated,lnM_response_time,boundary_present,88106,2,0.00016138796189099207,True,0.11887908979925763,False,0.09097733278282293
quality_gated,lnM_response_time,dx_m,88106,3,0.00011180923282449592,7.5,0.11753516002527324,10.0,0.0902126479823782
quality_gated,lnM_response_time,boundary_type,88106,4,9.601339219166462e-05,none,0.1081294651240576,constant_head_x,0.07564598698596108
quality_gated,lnM_response_time,corr_len_m_bin,88106,4,7.762357288134437e-05,long,0.1054530042155482,very_long,0.06846910985261619
quality_gated,lnM_response_time,sigma_ln_k_bin,88106,4,2.826733632569794e-05,moderate,0.10948231309366904,none,0.09603008572182002
quality_gated,lnM_response_time,leakage_present,88106,2,5.341328844018595e-08,False,0.10245069184602731,True,0.10194966016368423
quality_gated,sd_eta,noise_sd_m,88106,4,0.7406954980325554,0.01,0.8211789721160112,0.0,0.010069553166907608
quality_gated,sd_eta,pathway,88106,4,0.10778301096956704,Hantush-Jacob leaky,0.5878836831279146,Lagging Darcy with leakage,0.325496677794879
quality_gated,sd_eta,radius_bin,88106,4,0.0560024655971198,far,0.49550769634459974,near,0.3105014212907937
quality_gated,sd_eta,obs_layout,88106,6,0.008979849205963987,far4,0.4733554111378179,near4,0.38584587541420656
quality_gated,sd_eta,leakage_present,88106,2,0.0028547850436630986,False,0.44884916793727536,True,0.41344919243829736
quality_gated,sd_eta,scenario_class,88106,10,0.0024891436524014272,vertical leakage,0.45700434596939504,finite no-flow boundary,0.4130270016469909
quality_gated,sd_eta,time_count,88106,3,0.000540432738399503,20,0.4387027708608235,40,0.4200759939394381
quality_gated,sd_eta,anisotropy_bin,88106,4,0.0005036249055141821,moderate,0.4628584604511582,low_Ky,0.4238436115908813
quality_gated,sd_eta,sigma_ln_s_bin,88106,4,0.0004655959316877151,moderate,0.4466422336149647,high,0.40926444567892206
quality_gated,sd_eta,boundary_type,88106,4,0.00043227242542226186,constant_head_x,0.45049809262830226,none,0.4265306995376064
quality_gated,sd_eta,domain_m,88106,5,0.00038230883013788344,1005.0,0.4403262462251993,405.0,0.41750867764681854
quality_gated,sd_eta,duration_days,88106,4,0.0003335638858274752,2.0,0.4355512657468407,10.0,0.422510254232943
quality_gated,sd_eta,sigma_ln_k_bin,88106,4,9.302005356900008e-05,low,0.4352429460997934,none,0.42650311979719635
quality_gated,sd_eta,support_spread_bin,88106,4,8.845729805387913e-05,low,0.434057793644503,high,0.42532757912273833
quality_gated,sd_eta,dx_m,88106,3,7.799337998493625e-05,10.0,0.43225224689377895,7.5,0.42521726646304325
quality_gated,sd_eta,corr_len_m_bin,88106,4,3.2678527132169635e-05,very_long,0.43166586396809664,moderate,0.4256089318137914
quality_gated,sd_eta,boundary_present,88106,2,1.1180719120943106e-05,False,0.42997716741494874,True,0.4277327347702337
