scenario_id,scenario_class,ensemble_role,well,reference_solution,exactness,radius_m,bias_eta,sd_eta,rmse_m,max_abs_error_m,median_abs_error_m,pass_flag
strict_homogeneous_00,homogeneous confined,ensemble,R20E,Theis analytical,direct baseline,20.0,0.1037995555912488,0.2054778559583452,0.0060771705635568,0.01020075360942152,0.0031151608869975566,False
strict_homogeneous_00,homogeneous confined,ensemble,R50E,Theis analytical,direct baseline,50.0,0.04467123451201259,0.11595492050764888,0.004325093144523945,0.010642240246434342,0.0006855561949526735,False
strict_homogeneous_00,homogeneous confined,ensemble,R100E,Theis analytical,direct baseline,100.0,0.04350069766954554,0.10152580935334628,0.0017914525993200218,0.006385171245577664,6.21495170333665e-06,False
strict_homogeneous_00,homogeneous confined,ensemble,R100N,Theis analytical,direct baseline,100.0,0.04350069033597719,0.1015258151570994,0.0017914553498628446,0.006385181008823376,6.2149517033366495e-06,False
strict_homogeneous_01,homogeneous confined,ensemble,R20E,Theis analytical,direct baseline,20.615528128088304,0.06934338069115041,0.1627220523097261,0.006891371207272139,0.011566592614331017,0.0034082199103813576,False
strict_homogeneous_01,homogeneous confined,ensemble,R50E,Theis analytical,direct baseline,52.20153254455275,0.04045593894504773,0.10927402612467106,0.004268349396287043,0.01069324396129967,0.0005606463496111199,False
strict_homogeneous_01,homogeneous confined,ensemble,R100E,Theis analytical,direct baseline,99.62429422585637,0.042451602002557286,0.10004703049603865,0.0018203303471218597,0.006479436709064534,6.207846539191087e-06,False
strict_homogeneous_01,homogeneous confined,ensemble,R100N,Theis analytical,direct baseline,99.62429422585637,0.042451606732842255,0.10004703366045277,0.0018203332388732644,0.006479446877007133,6.20784609176867e-06,False
strict_homogeneous_02,homogeneous confined,ensemble,R20E,Theis analytical,direct baseline,18.027756377319946,0.031920091604396614,0.12924465447818823,0.009348180526132925,0.014428284568076322,0.00796599527445968,False
strict_homogeneous_02,homogeneous confined,ensemble,R50E,Theis analytical,direct baseline,47.16990566028302,0.03388499447052158,0.10184232553338247,0.004816766214967098,0.01139154058815739,0.00073937565931653,False
strict_homogeneous_02,homogeneous confined,ensemble,R100E,Theis analytical,direct baseline,101.24228365658294,0.04108967451358229,0.09768195288841632,0.0017837716080560326,0.006405829727935658,4.692471855554861e-06,False
strict_homogeneous_02,homogeneous confined,ensemble,R100N,Theis analytical,direct baseline,101.24228365658294,0.04108968859769122,0.09768195097633067,0.001783774441495385,0.006405840238349808,4.692466643717711e-06,False
strict_homogeneous_03,homogeneous confined,ensemble,R20E,Theis analytical,direct baseline,21.213203435596427,0.021660840549614934,0.10793755502738486,0.008689188941330245,0.01426145511996868,0.005605925230529572,False
strict_homogeneous_03,homogeneous confined,ensemble,R50E,Theis analytical,direct baseline,53.150729063673246,0.033209319804511764,0.09874532747427585,0.004387501113006185,0.011007429137457003,0.00044840558770878916,False
strict_homogeneous_03,homogeneous confined,ensemble,R100E,Theis analytical,direct baseline,99.24716620639605,0.04044128087191133,0.09714307176691901,0.0018651134891238567,0.006629489984085329,5.947381814233763e-06,False
strict_homogeneous_03,homogeneous confined,ensemble,R100N,Theis analytical,direct baseline,99.24716620639605,0.04044129866979341,0.09714306639775223,0.0018651157860525849,0.006629498828903707,5.947352408776333e-06,False
strict_homogeneous_04,homogeneous confined,ensemble,R20E,Theis analytical,direct baseline,22.360679774997898,0.038118035002643845,0.12368984672821662,0.007661272694880267,0.013028097898371671,0.003741772036658979,False
strict_homogeneous_04,homogeneous confined,ensemble,R50E,Theis analytical,direct baseline,49.24428900898052,0.03740654003514022,0.10599469630810268,0.004560875910399739,0.011060369892630317,0.0006307109439320224,False
strict_homogeneous_04,homogeneous confined,ensemble,R100E,Theis analytical,direct baseline,98.48857801796105,0.041675439852165715,0.0991365166997457,0.001873214114971237,0.006629892560710476,6.955473470163073e-06,False
strict_homogeneous_04,homogeneous confined,ensemble,R100N,Theis analytical,direct baseline,98.48857801796105,0.0416754534066977,0.09913651464324302,0.001873215420929334,0.006629898595878647,6.955458399726974e-06,False
strict_homogeneous_05,homogeneous confined,ensemble,R20E,Theis analytical,direct baseline,20.0,0.10379955538385777,0.20547785608198252,0.006077170809234541,0.010200756548560341,0.003115160886997573,False
strict_homogeneous_05,homogeneous confined,ensemble,R50E,Theis analytical,direct baseline,50.24937810560445,0.04406130172178096,0.1150133953623447,0.004321237367895254,0.010653881979891866,0.0006807375563693495,False
strict_homogeneous_05,homogeneous confined,ensemble,R100E,Theis analytical,direct baseline,100.4987562112089,0.04340452266448319,0.10127882851025961,0.0017752654908906275,0.006343531869565849,5.795838657720309e-06,False
strict_homogeneous_05,homogeneous confined,ensemble,R100N,Theis analytical,direct baseline,100.4987562112089,0.04340452623531293,0.10127882810215637,0.0017752657755686096,0.006343533548154673,5.795842969245705e-06,False
strict_homogeneous_06,homogeneous confined,ensemble,R20E,Theis analytical,direct baseline,20.615528128088304,0.06934339130411273,0.16272206005634562,0.006891371566852,0.011566595550035474,0.003408219904584793,False
strict_homogeneous_06,homogeneous confined,ensemble,R50E,Theis analytical,direct baseline,50.99019513592785,0.04247618232250384,0.11253022132498632,0.004305503795157047,0.010678793606143655,0.0006512308959073414,False
strict_homogeneous_06,homogeneous confined,ensemble,R100E,Theis analytical,direct baseline,101.9803902718557,0.043159322178907174,0.10060668754051073,0.0017272921053674412,0.006217844982843473,4.7132305854426725e-06,False
strict_homogeneous_06,homogeneous confined,ensemble,R100N,Theis analytical,direct baseline,101.9803902718557,0.04315931526291513,0.10060668808207994,0.001727291496603821,0.006217841650734912,4.713215948420151e-06,False
strict_homogeneous_07,homogeneous confined,ensemble,R20E,Theis analytical,direct baseline,18.027756377319946,0.03192010101925199,0.12924466129669016,0.009348180699469133,0.014428286765211462,0.00796599526748206,False
strict_homogeneous_07,homogeneous confined,ensemble,R50E,Theis analytical,direct baseline,51.478150704935004,0.03563860614945767,0.10272643296335751,0.00444279037933252,0.010996484457311051,0.0005512058046407992,False
strict_homogeneous_07,homogeneous confined,ensemble,R100E,Theis analytical,direct baseline,98.6154146165801,0.041028335127275786,0.09814948804030953,0.00187874921175391,0.006654808412318053,6.643200324113792e-06,False
strict_homogeneous_07,homogeneous confined,ensemble,R100N,Theis analytical,direct baseline,98.6154146165801,0.041028319221210884,0.09814949259160723,0.0018787475040454697,0.006654801185310366,6.643222506743443e-06,False
strict_homogeneous_08,homogeneous confined,ensemble,R20E,Theis analytical,direct baseline,21.213203435596427,0.021660869155326692,0.107937545274161,0.008689189107962878,0.014261457313339831,0.005605925207114254,False
strict_homogeneous_08,homogeneous confined,ensemble,R50E,Theis analytical,direct baseline,49.49747468305833,0.03211092930357325,0.09850040261430605,0.0046864274252407705,0.011328252617295143,0.0006269894674745534,False
strict_homogeneous_08,homogeneous confined,ensemble,R100E,Theis analytical,direct baseline,102.59142264341595,0.04076738860815186,0.09691938657926005,0.0017418253986298741,0.006298910960530313,3.85165217509885e-06,False
strict_homogeneous_08,homogeneous confined,ensemble,R100N,Theis analytical,direct baseline,102.59142264341595,0.04076736881850794,0.09691938375341513,0.0017418227850399504,0.006298901189489087,3.851657017606215e-06,False
strict_homogeneous_09,homogeneous confined,ensemble,R20E,Theis analytical,direct baseline,18.027756377319946,0.031920101019251974,0.12924466129669018,0.009348180699469156,0.014428286765211351,0.007965995267482068,False
strict_homogeneous_09,homogeneous confined,ensemble,R50E,Theis analytical,direct baseline,51.478150704935004,0.035638606149457776,0.1027264329633575,0.004442790379332475,0.010996484457310829,0.0005512058046408114,False
strict_homogeneous_09,homogeneous confined,ensemble,R100E,Theis analytical,direct baseline,98.6154146165801,0.04102833512727582,0.09814948804030957,0.0018787492117539005,0.006654808412317859,6.643200324113789e-06,False
strict_homogeneous_09,homogeneous confined,ensemble,R100N,Theis analytical,direct baseline,98.6154146165801,0.04102832230682031,0.09814949010366417,0.0018787463670911606,0.006654798001588774,6.643222506743442e-06,False
strict_leakage_00,vertical leakage,ensemble,R20E,Hantush-Jacob analytical,direct baseline,20.0,0.10136604361953742,0.20326044499759,0.003852880204477166,0.007317501930718812,0.0022759500023626714,False
strict_leakage_00,vertical leakage,ensemble,R50E,Hantush-Jacob analytical,direct baseline,50.0,0.032091292996786105,0.10441724989452925,0.0016399504222494499,0.004100273890461581,0.00040583128001321167,False
strict_leakage_00,vertical leakage,ensemble,R100E,Hantush-Jacob analytical,direct baseline,100.0,0.009148107634464083,0.0631906361134716,0.00037560235309694074,0.0010868536463647487,4.53345412510117e-06,True
strict_leakage_00,vertical leakage,ensemble,R100N,Hantush-Jacob analytical,direct baseline,100.0,0.009148106901876391,0.06319063643588532,0.00037560236167571845,0.0010868536495752795,4.53345412510117e-06,True
strict_leakage_01,vertical leakage,ensemble,R20E,Hantush-Jacob analytical,direct baseline,20.615528128088304,0.06506855429734495,0.16294355052732493,0.006084517725418503,0.010195259628476339,0.003707035846266353,False
strict_leakage_01,vertical leakage,ensemble,R50E,Hantush-Jacob analytical,direct baseline,52.20153254455275,0.03011692358981257,0.10271244499950463,0.0022772017053565735,0.005377891120453088,0.0004976611764373811,False
strict_leakage_01,vertical leakage,ensemble,R100E,Hantush-Jacob analytical,direct baseline,99.62429422585637,0.015513035452830618,0.07645546392969968,0.0007439455602077354,0.002047746564786592,5.118199559591313e-06,True
strict_leakage_01,vertical leakage,ensemble,R100N,Hantush-Jacob analytical,direct baseline,99.62429422585637,0.015513038678651166,0.07645546061126819,0.0007439457147801627,0.002047746701595292,5.11820383806926e-06,True
strict_leakage_02,vertical leakage,ensemble,R20E,Hantush-Jacob analytical,direct baseline,18.027756377319946,0.028507553038314457,0.1301666443049733,0.00949405696963452,0.019444930674143768,0.00808772050826869,False
strict_leakage_02,vertical leakage,ensemble,R50E,Hantush-Jacob analytical,direct baseline,47.16990566028302,0.027401364143857215,0.09989548682903042,0.003594410557842371,0.0077527294189647655,0.0005680633197336917,False
strict_leakage_02,vertical leakage,ensemble,R100E,Hantush-Jacob analytical,direct baseline,101.24228365658294,0.021504988797486666,0.08474034113870627,0.001245599302654053,0.003351436042890031,4.196661560420755e-06,False
strict_leakage_02,vertical leakage,ensemble,R100N,Hantush-Jacob analytical,direct baseline,101.24228365658294,0.021505017843543424,0.08474035262667647,0.0012455997223098263,0.0033514367147832805,4.196656597026821e-06,False
strict_leakage_03,vertical leakage,ensemble,R20E,Hantush-Jacob analytical,direct baseline,21.213203435596427,0.020319771351653006,0.10812070791823535,0.007973299251540548,0.012707574553217027,0.0056929912315381165,False
strict_leakage_03,vertical leakage,ensemble,R50E,Hantush-Jacob analytical,direct baseline,53.150729063673246,0.027884643757558912,0.09778917788330052,0.003886667220524558,0.008563612563834866,0.0005255301317301333,False
strict_leakage_03,vertical leakage,ensemble,R100E,Hantush-Jacob analytical,direct baseline,99.24716620639605,0.02781274872928752,0.0907155163879061,0.0017458186975502154,0.0050391701293964475,5.588533256832431e-06,False
strict_leakage_03,vertical leakage,ensemble,R100N,Hantush-Jacob analytical,direct baseline,99.24716620639605,0.027812781698449255,0.09071552946443714,0.0017458196560750565,0.005039175774323418,5.588501705845297e-06,False
strict_leakage_04,vertical leakage,ensemble,R20E,Hantush-Jacob analytical,direct baseline,22.360679774997898,0.03907512187206725,0.1229581665416448,0.006149528553587161,0.011387737653738572,0.002304292298974518,False
strict_leakage_04,vertical leakage,ensemble,R50E,Hantush-Jacob analytical,direct baseline,49.24428900898052,0.034525333844597474,0.10577807250533487,0.0044487343758106285,0.009905429572134528,0.0006889468825425992,False
strict_leakage_04,vertical leakage,ensemble,R100E,Hantush-Jacob analytical,direct baseline,98.48857801796105,0.034298409058062765,0.09596657644143483,0.001985318059652693,0.0064958523384044675,6.7336609482593266e-06,False
strict_leakage_04,vertical leakage,ensemble,R100N,Hantush-Jacob analytical,direct baseline,98.48857801796105,0.03429841796580129,0.09596655865497465,0.0019853187212373483,0.0064958555586263345,6.733646265580132e-06,False
strict_leakage_05,vertical leakage,ensemble,R20E,Hantush-Jacob analytical,direct baseline,20.0,0.10854736484816466,0.20274106469076236,0.006458716240166902,0.02208738670950594,0.0029176607098553515,False
strict_leakage_05,vertical leakage,ensemble,R50E,Hantush-Jacob analytical,direct baseline,50.24937810560445,0.042389971264251015,0.11489353963995037,0.0043206074334541785,0.010216658889052488,0.0006282695150946687,False
strict_leakage_05,vertical leakage,ensemble,R100E,Hantush-Jacob analytical,direct baseline,100.4987562112089,0.03908181487267336,0.09949540385308923,0.001926139122625337,0.006704505644515413,5.695591849625553e-06,False
strict_leakage_05,vertical leakage,ensemble,R100N,Hantush-Jacob analytical,direct baseline,100.4987562112089,0.039081818336572885,0.09949540361271951,0.0019261393511398057,0.0067045071876287166,5.695596349670393e-06,False
strict_leakage_06,vertical leakage,ensemble,R20E,Hantush-Jacob analytical,direct baseline,20.615528128088304,0.06626851742444645,0.1609278920554716,0.004481544457085191,0.008489465279391817,0.0019780904528881203,False
strict_leakage_06,vertical leakage,ensemble,R50E,Hantush-Jacob analytical,direct baseline,50.99019513592785,0.029282796539789362,0.10083720677143383,0.001627231408682983,0.004069504477536054,0.00034686689441169405,False
strict_leakage_06,vertical leakage,ensemble,R100E,Hantush-Jacob analytical,direct baseline,101.9803902718557,0.007977602017804486,0.06149536807549532,0.00035810994772295167,0.0010359060504414042,3.4172255921456907e-06,True
strict_leakage_06,vertical leakage,ensemble,R100N,Hantush-Jacob analytical,direct baseline,101.9803902718557,0.007977603197703841,0.06149537810808116,0.00035810992595025837,0.0010359059556574388,3.4172025490604857e-06,True
strict_leakage_07,vertical leakage,ensemble,R20E,Hantush-Jacob analytical,direct baseline,18.027756377319946,0.028507562557879004,0.13016665123561189,0.009494057024131345,0.01944493108406309,0.008087720500877249,False
strict_leakage_07,vertical leakage,ensemble,R50E,Hantush-Jacob analytical,direct baseline,51.478150704935004,0.02827254588068656,0.10015466531765675,0.003252685025675187,0.0071575473546117985,0.0005167182832868061,False
strict_leakage_07,vertical leakage,ensemble,R100E,Hantush-Jacob analytical,direct baseline,98.6154146165801,0.022116818703162573,0.08587788643493305,0.001306345745843096,0.003502156969405937,5.955039600791242e-06,False
strict_leakage_07,vertical leakage,ensemble,R100N,Hantush-Jacob analytical,direct baseline,98.6154146165801,0.022116792061794455,0.0858778745135281,0.0013063453997324036,0.003502156364004312,5.9550621969172965e-06,False
strict_leakage_08,vertical leakage,ensemble,R20E,Hantush-Jacob analytical,direct baseline,21.213203435596427,0.023184455204224474,0.10722553443930746,0.006898956704785821,0.012569487597491935,0.0030597980660033892,False
strict_leakage_08,vertical leakage,ensemble,R50E,Hantush-Jacob analytical,direct baseline,49.49747468305833,0.029161937080226706,0.09837029229854959,0.004574431109231393,0.01016444899849539,0.0006137006653686369,False
strict_leakage_08,vertical leakage,ensemble,R100E,Hantush-Jacob analytical,direct baseline,102.59142264341595,0.03297340075013606,0.09343342380164583,0.0018702465913683815,0.006270014902105547,3.7237115520387132e-06,False
strict_leakage_08,vertical leakage,ensemble,R100N,Hantush-Jacob analytical,direct baseline,102.59142264341595,0.03297338310867935,0.0934334273091243,0.001870244786772886,0.0062700056510348046,3.7237169471018017e-06,False
strict_leakage_09,vertical leakage,ensemble,R20E,Hantush-Jacob analytical,direct baseline,18.027756377319946,0.03877054997479913,0.1272254023139234,0.009659324272805398,0.030439383352729332,0.005518295883167844,False
strict_leakage_09,vertical leakage,ensemble,R50E,Hantush-Jacob analytical,direct baseline,51.478150704935004,0.03386558942789004,0.10266121400649723,0.004448869548961024,0.010588420443029156,0.0005678262259930615,False
strict_leakage_09,vertical leakage,ensemble,R100E,Hantush-Jacob analytical,direct baseline,98.6154146165801,0.03678992477131162,0.09653544348931599,0.0020277036511454414,0.0069767661602681275,6.527615707044982e-06,False
strict_leakage_09,vertical leakage,ensemble,R100N,Hantush-Jacob analytical,direct baseline,98.6154146165801,0.03678991096712858,0.09653544531831469,0.0020277019165743167,0.006976760757387679,6.527637944732405e-06,False
strict_boundary_00,constant head boundary,ensemble,R20E,Theis no-boundary reference,diagnostic only; square first-type boundary is not a single image-well analytical solution,20.0,0.10361341065563623,0.20558992649330232,0.006317986385868802,0.012889246269876087,0.0031151608869975853,
strict_boundary_00,constant head boundary,ensemble,R50E,Theis no-boundary reference,diagnostic only; square first-type boundary is not a single image-well analytical solution,50.0,0.04423511396304196,0.11624761231243645,0.004742786520704481,0.013836433679443483,0.0006855561944878126,
strict_boundary_00,constant head boundary,ensemble,R100E,Theis no-boundary reference,diagnostic only; square first-type boundary is not a single image-well analytical solution,100.0,0.041350622071556146,0.10345876271188174,0.002842385068912661,0.012004675818449384,6.214951703306645e-06,
strict_boundary_00,constant head boundary,ensemble,R100N,Theis no-boundary reference,diagnostic only; square first-type boundary is not a single image-well analytical solution,100.0,0.04135063198235761,0.1034587535618923,0.0028423801349362547,0.0120046475382177,6.214951703306697e-06,
strict_boundary_01,constant head boundary,ensemble,R20E,Theis no-boundary reference,diagnostic only; square first-type boundary is not a single image-well analytical solution,20.615528128088304,0.0693184398614332,0.16273568218583795,0.0069213684877646,0.011966834981479435,0.0034082199103813507,
strict_boundary_01,constant head boundary,ensemble,R50E,Theis no-boundary reference,diagnostic only; square first-type boundary is not a single image-well analytical solution,52.20153254455275,0.040395507181776494,0.10931381259332934,0.004323734668959452,0.011184950787742565,0.0005606463496111199,
strict_boundary_01,constant head boundary,ensemble,R100E,Theis no-boundary reference,diagnostic only; square first-type boundary is not a single image-well analytical solution,99.62429422585637,0.04219810521203611,0.10025829888608995,0.001956880393407885,0.007332010395045219,6.207846539191102e-06,
strict_boundary_01,constant head boundary,ensemble,R100N,Theis no-boundary reference,diagnostic only; square first-type boundary is not a single image-well analytical solution,99.62429422585637,0.042198107595513346,0.10025830414174983,0.0019568838537843435,0.007332024572543588,6.2078460917686795e-06,
strict_boundary_02,constant head boundary,ensemble,R20E,Theis no-boundary reference,diagnostic only; square first-type boundary is not a single image-well analytical solution,18.027756377319946,0.03191545224342151,0.12924654426660848,0.0093536379759862,0.014513495195113912,0.007965995274459667,
strict_boundary_02,constant head boundary,ensemble,R50E,Theis no-boundary reference,diagnostic only; square first-type boundary is not a single image-well analytical solution,47.16990566028302,0.03387451645073442,0.10184888638301107,0.004826790319705977,0.01149326325520278,0.00073937565931653,
strict_boundary_02,constant head boundary,ensemble,R100E,Theis no-boundary reference,diagnostic only; square first-type boundary is not a single image-well analytical solution,101.24228365658294,0.04104095217059185,0.09772256278827104,0.0018106867772276084,0.006586720996752088,4.692471855554842e-06,
strict_boundary_02,constant head boundary,ensemble,R100N,Theis no-boundary reference,diagnostic only; square first-type boundary is not a single image-well analytical solution,101.24228365658294,0.04104096826479754,0.09772255732289535,0.0018106883819822767,0.006586729722822621,4.692466643717445e-06,
strict_boundary_03,constant head boundary,ensemble,R20E,Theis no-boundary reference,diagnostic only; square first-type boundary is not a single image-well analytical solution,21.213203435596427,0.021658378369170984,0.10793854560204066,0.008692016974813876,0.014303132535527285,0.005605925230529538,
strict_boundary_03,constant head boundary,ensemble,R50E,Theis no-boundary reference,diagnostic only; square first-type boundary is not a single image-well analytical solution,53.150729063673246,0.0332033962555856,0.09874923465236503,0.004392874591830648,0.011059046807531892,0.0004484055877087894,
strict_boundary_03,constant head boundary,ensemble,R100E,Theis no-boundary reference,diagnostic only; square first-type boundary is not a single image-well analytical solution,99.24716620639605,0.04041973929302733,0.09716096988579885,0.0018773336662994584,0.0067129949200658845,5.947381814233883e-06,
strict_boundary_03,constant head boundary,ensemble,R100N,Theis no-boundary reference,diagnostic only; square first-type boundary is not a single image-well analytical solution,99.24716620639605,0.04041976297528816,0.0971609603307104,0.0018773338991078332,0.006712996617051575,5.947352408776068e-06,
strict_boundary_04,constant head boundary,ensemble,R20E,Theis no-boundary reference,diagnostic only; square first-type boundary is not a single image-well analytical solution,22.360679774997898,0.03811552659646581,0.12369104760042691,0.00766417757411427,0.013069364535280847,0.0037417720366589857,
strict_boundary_04,constant head boundary,ensemble,R50E,Theis no-boundary reference,diagnostic only; square first-type boundary is not a single image-well analytical solution,49.24428900898052,0.037401252659353526,0.10599806708111549,0.004565860581623717,0.011109841959118627,0.0006307109439122709,
strict_boundary_04,constant head boundary,ensemble,R100E,Theis no-boundary reference,diagnostic only; square first-type boundary is not a single image-well analytical solution,98.48857801796105,0.04165301422514248,0.09915495814017726,0.0018859956776671495,0.006717040712285793,6.955473470162998e-06,
strict_boundary_04,constant head boundary,ensemble,R100N,Theis no-boundary reference,diagnostic only; square first-type boundary is not a single image-well analytical solution,98.48857801796105,0.04165303083690307,0.09915495367505621,0.0018859956848539124,0.006717040622190973,6.955458399726703e-06,
strict_boundary_05,constant head boundary,ensemble,R20E,Theis no-boundary reference,diagnostic only; square first-type boundary is not a single image-well analytical solution,20.0,0.1036134111008106,0.205589926221185,0.006317985721941868,0.012889237088647199,0.003115160886997594,
strict_boundary_05,constant head boundary,ensemble,R50E,Theis no-boundary reference,diagnostic only; square first-type boundary is not a single image-well analytical solution,50.24937810560445,0.0436224182231993,0.11530861272771974,0.004740260334535413,0.013852448392929373,0.000680737558539643,
strict_boundary_05,constant head boundary,ensemble,R100E,Theis no-boundary reference,diagnostic only; square first-type boundary is not a single image-well analytical solution,100.4987562112089,0.041234761798925997,0.10323338629319093,0.002827777880093606,0.011966128946605259,5.795838657713489e-06,
strict_boundary_05,constant head boundary,ensemble,R100N,Theis no-boundary reference,diagnostic only; square first-type boundary is not a single image-well analytical solution,100.4987562112089,0.04123475589212056,0.10323338790878543,0.0028277783730343464,0.011966124021390884,5.795842969188833e-06,
strict_boundary_06,constant head boundary,ensemble,R20E,Theis no-boundary reference,diagnostic only; square first-type boundary is not a single image-well analytical solution,20.615528128088304,0.06931845065156608,0.16273568983093525,0.0069213686953505495,0.011966835970340428,0.003408219904584807,
strict_boundary_06,constant head boundary,ensemble,R50E,Theis no-boundary reference,diagnostic only; square first-type boundary is not a single image-well analytical solution,50.99019513592785,0.042417602716941304,0.11256840902027515,0.00435989812906318,0.011166517183466784,0.0006512308959073414,
strict_boundary_06,constant head boundary,ensemble,R100E,Theis no-boundary reference,diagnostic only; square first-type boundary is not a single image-well analytical solution,101.9803902718557,0.04287543756248406,0.1008434228256025,0.0018746927848322602,0.00712581844381735,4.713230585442684e-06,
strict_boundary_06,constant head boundary,ensemble,R100N,Theis no-boundary reference,diagnostic only; square first-type boundary is not a single image-well analytical solution,101.9803902718557,0.04287543799921061,0.1008434174544106,0.0018746896165246375,0.007125804147289083,4.713215948420162e-06,
strict_boundary_07,constant head boundary,ensemble,R20E,Theis no-boundary reference,diagnostic only; square first-type boundary is not a single image-well analytical solution,18.027756377319946,0.03191546198042451,0.12924655094557738,0.009353637825232896,0.014513494225647072,0.007965995267482075,
strict_boundary_07,constant head boundary,ensemble,R50E,Theis no-boundary reference,diagnostic only; square first-type boundary is not a single image-well analytical solution,51.478150704935004,0.03562680019014129,0.10273410975959632,0.00445369810369378,0.011102182634760649,0.0005512058046411791,
strict_boundary_07,constant head boundary,ensemble,R100E,Theis no-boundary reference,diagnostic only; square first-type boundary is not a single image-well analytical solution,98.6154146165801,0.04098269303132133,0.09818728846245213,0.0019047984024819912,0.00683194739512219,6.643200324113521e-06,
strict_boundary_07,constant head boundary,ensemble,R100N,Theis no-boundary reference,diagnostic only; square first-type boundary is not a single image-well analytical solution,98.6154146165801,0.04098267767138678,0.09818729320746963,0.001904796562480512,0.006831937470934024,6.643222506743455e-06,
strict_boundary_08,constant head boundary,ensemble,R20E,Theis no-boundary reference,diagnostic only; square first-type boundary is not a single image-well analytical solution,21.213203435596427,0.021658407179641796,0.10793853576270673,0.008692016929471462,0.014303132299550048,0.005605925207114254,
strict_boundary_08,constant head boundary,ensemble,R50E,Theis no-boundary reference,diagnostic only; square first-type boundary is not a single image-well analytical solution,49.49747468305833,0.03210556806317029,0.09850382740996205,0.004691440923492758,0.011378253800774785,0.0006269894674745531,
strict_boundary_08,constant head boundary,ensemble,R100E,Theis no-boundary reference,diagnostic only; square first-type boundary is not a single image-well analytical solution,102.59142264341595,0.04074376069878448,0.0969391370318936,0.0017546773646922279,0.006385414551296986,3.851652175098594e-06,
strict_boundary_08,constant head boundary,ensemble,R100N,Theis no-boundary reference,diagnostic only; square first-type boundary is not a single image-well analytical solution,102.59142264341595,0.0407437341020714,0.0969391389060366,0.001754677055969148,0.006385412568770399,3.851657017606234e-06,
strict_boundary_09,constant head boundary,ensemble,R20E,Theis no-boundary reference,diagnostic only; square first-type boundary is not a single image-well analytical solution,18.027756377319946,0.03191789754899545,0.12924555837739332,0.009350770078922847,0.014468839254440757,0.007965995267482068,
strict_boundary_09,constant head boundary,ensemble,R50E,Theis no-boundary reference,diagnostic only; square first-type boundary is not a single image-well analytical solution,51.478150704935004,0.03563299891241421,0.10273007544960153,0.004447965562000705,0.011046808125884766,0.0005512058046409588,
strict_boundary_09,constant head boundary,ensemble,R100E,Theis no-boundary reference,diagnostic only; square first-type boundary is not a single image-well analytical solution,98.6154146165801,0.04100665029591643,0.0981674027356415,0.0018911137156069164,0.006739261046972839,6.64320032411352e-06,
strict_boundary_09,constant head boundary,ensemble,R100N,Theis no-boundary reference,diagnostic only; square first-type boundary is not a single image-well analytical solution,98.6154146165801,0.041006630016701066,0.09816741072679455,0.0018911137135426707,0.006739261332506852,6.643222506743456e-06,
sens_grid_homogeneous_00,homogeneous confined,grid_sensitivity,R20E,Theis analytical,direct baseline,20.0,0.2105830611214346,0.32511220965094123,0.0029525020221598695,0.006175771627527313,0.0024118080694667254,False
sens_grid_homogeneous_00,homogeneous confined,grid_sensitivity,R50E,Theis analytical,direct baseline,50.0,0.07236215341438791,0.15950793824521392,0.004007503757610442,0.009749411041138134,0.001043103693672704,False
sens_grid_homogeneous_00,homogeneous confined,grid_sensitivity,R100E,Theis analytical,direct baseline,100.0,0.049951886317853904,0.11248056865757476,0.0017738016769337332,0.006263831395866781,9.895766520929387e-06,False
sens_grid_homogeneous_00,homogeneous confined,grid_sensitivity,R100N,Theis analytical,direct baseline,100.0,0.04995188364064652,0.11248057061460272,0.0017738024102375383,0.006263833838739907,9.895766520929387e-06,False
sens_grid_leakage_01,vertical leakage,grid_sensitivity,R20E,Hantush-Jacob analytical,direct baseline,20.0,0.21077217535321965,0.32421900098374556,0.002736474799543798,0.006124332690387634,0.0016838431166863455,False
sens_grid_leakage_01,vertical leakage,grid_sensitivity,R50E,Hantush-Jacob analytical,direct baseline,50.0,0.06789930906357174,0.15824220822614246,0.0035366211426177087,0.007607416222926128,0.0009444200756877264,False
sens_grid_leakage_01,vertical leakage,grid_sensitivity,R100E,Hantush-Jacob analytical,direct baseline,100.0,0.03742831776003517,0.10534520583982603,0.0016489743759433321,0.004769107641629938,9.363222381106681e-06,False
sens_grid_leakage_01,vertical leakage,grid_sensitivity,R100N,Hantush-Jacob analytical,direct baseline,100.0,0.037428313582317733,0.105345209647877,0.0016489752195373594,0.00476911111720317,9.363222381106681e-06,False
sens_grid_homogeneous_02,homogeneous confined,grid_sensitivity,R20E,Theis analytical,direct baseline,20.0,0.1037995555912488,0.2054778559583452,0.0060771705635568,0.01020075360942152,0.0031151608869975566,False
sens_grid_homogeneous_02,homogeneous confined,grid_sensitivity,R50E,Theis analytical,direct baseline,50.0,0.04467123451201259,0.11595492050764888,0.004325093144523945,0.010642240246434342,0.0006855561949526735,False
sens_grid_homogeneous_02,homogeneous confined,grid_sensitivity,R100E,Theis analytical,direct baseline,100.0,0.04350069766954554,0.10152580935334628,0.0017914525993200218,0.006385171245577664,6.21495170333665e-06,False
sens_grid_homogeneous_02,homogeneous confined,grid_sensitivity,R100N,Theis analytical,direct baseline,100.0,0.04350069033597719,0.1015258151570994,0.0017914553498628446,0.006385181008823376,6.2149517033366495e-06,False
sens_grid_leakage_03,vertical leakage,grid_sensitivity,R20E,Hantush-Jacob analytical,direct baseline,20.0,0.10347701327032355,0.2049609318238655,0.005070792410618544,0.00864638670158041,0.0031560668593434323,False
sens_grid_leakage_03,vertical leakage,grid_sensitivity,R50E,Hantush-Jacob analytical,direct baseline,50.0,0.039980477784245,0.1148560589707509,0.0038132477817220557,0.008264709093685985,0.0006237566199835936,False
sens_grid_leakage_03,vertical leakage,grid_sensitivity,R100E,Hantush-Jacob analytical,direct baseline,100.0,0.030838702272464203,0.09462478398887687,0.00167654295656498,0.0048686323328106795,5.847495871523531e-06,False
sens_grid_leakage_03,vertical leakage,grid_sensitivity,R100N,Hantush-Jacob analytical,direct baseline,100.0,0.03083869420023769,0.09462479167136255,0.0016765447518561028,0.00486864210922959,5.8474958715235285e-06,False
sens_grid_homogeneous_04,homogeneous confined,grid_sensitivity,R20E,Theis analytical,direct baseline,20.0,0.05740183368555187,0.1406796515752054,0.007056226922707918,0.01198487764061762,0.0033324874741476745,False
sens_grid_homogeneous_04,homogeneous confined,grid_sensitivity,R50E,Theis analytical,direct baseline,50.0,0.03811712089719035,0.10504479682456687,0.004393825127979643,0.010827888796310303,0.0005904528322284409,False
sens_grid_homogeneous_04,homogeneous confined,grid_sensitivity,R100E,Theis analytical,direct baseline,100.0,0.04189977672909933,0.09875957607912396,0.0017930251421177338,0.006395357133546026,5.4188204236971435e-06,False
sens_grid_homogeneous_04,homogeneous confined,grid_sensitivity,R100N,Theis analytical,direct baseline,100.0,0.04189976696778679,0.0987595835997831,0.0017930285030702733,0.006395370563361119,5.418820423697142e-06,False
sens_grid_leakage_05,vertical leakage,grid_sensitivity,R20E,Hantush-Jacob analytical,direct baseline,20.0,0.05694553985067256,0.14026184718850948,0.005973850465556287,0.010127929765310184,0.003443302005915104,False
sens_grid_leakage_05,vertical leakage,grid_sensitivity,R50E,Hantush-Jacob analytical,direct baseline,50.0,0.03337889173226032,0.10398694271101153,0.0038727607913086127,0.008402577187529264,0.0006221901856253648,False
sens_grid_leakage_05,vertical leakage,grid_sensitivity,R100E,Hantush-Jacob analytical,direct baseline,100.0,0.029200631381398223,0.0919240347034902,0.0016829726035453316,0.0048895034027857665,5.0889759992230566e-06,False
sens_grid_leakage_05,vertical leakage,grid_sensitivity,R100N,Hantush-Jacob analytical,direct baseline,100.0,0.029200622747642607,0.09192404300885623,0.0016829743501955647,0.004889511719380971,5.0889759992230566e-06,False
sens_domain_boundary_06,constant head boundary,domain_sensitivity,R20E,Theis no-boundary reference,diagnostic only; square first-type boundary is not a single image-well analytical solution,20.0,0.10361341065563623,0.20558992649330232,0.006317986385868802,0.012889246269876087,0.0031151608869975853,
sens_domain_boundary_06,constant head boundary,domain_sensitivity,R50E,Theis no-boundary reference,diagnostic only; square first-type boundary is not a single image-well analytical solution,50.0,0.04423511396304196,0.11624761231243645,0.004742786520704481,0.013836433679443483,0.0006855561944878126,
sens_domain_boundary_06,constant head boundary,domain_sensitivity,R100E,Theis no-boundary reference,diagnostic only; square first-type boundary is not a single image-well analytical solution,100.0,0.041350622071556146,0.10345876271188174,0.002842385068912661,0.012004675818449384,6.214951703306645e-06,
sens_domain_boundary_06,constant head boundary,domain_sensitivity,R100N,Theis no-boundary reference,diagnostic only; square first-type boundary is not a single image-well analytical solution,100.0,0.04135063198235761,0.1034587535618923,0.0028423801349362547,0.0120046475382177,6.214951703306697e-06,
sens_domain_boundary_07,constant head boundary,domain_sensitivity,R20E,Theis no-boundary reference,diagnostic only; square first-type boundary is not a single image-well analytical solution,20.0,0.10379465151145853,0.2054807718130783,0.00608315818919728,0.010286634913697412,0.0031151608869975575,
sens_domain_boundary_07,constant head boundary,domain_sensitivity,R50E,Theis no-boundary reference,diagnostic only; square first-type boundary is not a single image-well analytical solution,50.0,0.044659764239440285,0.11596228400842223,0.004335929025516337,0.01074776676214062,0.0006855561949526734,
sens_domain_boundary_07,constant head boundary,domain_sensitivity,R100E,Theis no-boundary reference,diagnostic only; square first-type boundary is not a single image-well analytical solution,100.0,0.043446214008657606,0.10157036963287602,0.0018217810269159861,0.006588444155234713,6.2149517033363776e-06,
sens_domain_boundary_07,constant head boundary,domain_sensitivity,R100N,Theis no-boundary reference,diagnostic only; square first-type boundary is not a single image-well analytical solution,100.0,0.0434462146181105,0.10157036914159272,0.0018217807531748207,0.006588442737330141,6.2149517033363776e-06,
sens_domain_boundary_08,constant head boundary,domain_sensitivity,R20E,Theis no-boundary reference,diagnostic only; square first-type boundary is not a single image-well analytical solution,20.0,0.10379722622298503,0.20547924062923073,0.006080010376895757,0.010241628301952743,0.0031151608869975575,
sens_domain_boundary_08,constant head boundary,domain_sensitivity,R50E,Theis no-boundary reference,diagnostic only; square first-type boundary is not a single image-well analytical solution,50.0,0.04466578635537834,0.11595841504036064,0.004330234135384095,0.010692480961157436,0.0006855561949526769,
sens_domain_boundary_08,constant head boundary,domain_sensitivity,R100E,Theis no-boundary reference,diagnostic only; square first-type boundary is not a single image-well analytical solution,100.0,0.04347483741803793,0.10154690052445843,0.001805829523872957,0.006481989325873905,6.214951703336378e-06,
sens_domain_boundary_08,constant head boundary,domain_sensitivity,R100N,Theis no-boundary reference,diagnostic only; square first-type boundary is not a single image-well analytical solution,100.0,0.0434748374005286,0.10154690053879968,0.0018058295331924712,0.006481989379918784,6.2149517033363776e-06,
sens_time_homogeneous_09,homogeneous confined,time_sensitivity,R20E,Theis analytical,direct baseline,20.0,0.10790235815184271,0.22941956518993353,0.008942219918788066,0.015128460575937308,0.004330092384103134,False
sens_time_homogeneous_09,homogeneous confined,time_sensitivity,R50E,Theis analytical,direct baseline,50.0,0.05460194199855668,0.14672690198458715,0.006099146521402572,0.014869338379544683,0.0010891414925595921,False
sens_time_homogeneous_09,homogeneous confined,time_sensitivity,R100E,Theis analytical,direct baseline,100.0,0.05590283365784106,0.13226428427206258,0.0025508851028790526,0.00873779048866763,1.4379511692361945e-05,False
sens_time_homogeneous_09,homogeneous confined,time_sensitivity,R100N,Theis analytical,direct baseline,100.0,0.055902822196567614,0.1322642932969517,0.0025508889543435814,0.008737805834301032,1.4379511692361951e-05,False
sens_time_homogeneous_10,homogeneous confined,time_sensitivity,R20E,Theis analytical,direct baseline,20.0,0.1037995555912488,0.2054778559583452,0.0060771705635568,0.01020075360942152,0.0031151608869975566,False
sens_time_homogeneous_10,homogeneous confined,time_sensitivity,R50E,Theis analytical,direct baseline,50.0,0.04467123451201259,0.11595492050764888,0.004325093144523945,0.010642240246434342,0.0006855561949526735,False
sens_time_homogeneous_10,homogeneous confined,time_sensitivity,R100E,Theis analytical,direct baseline,100.0,0.04350069766954554,0.10152580935334628,0.0017914525993200218,0.006385171245577664,6.21495170333665e-06,False
sens_time_homogeneous_10,homogeneous confined,time_sensitivity,R100N,Theis analytical,direct baseline,100.0,0.04350069033597719,0.1015258151570994,0.0017914553498628446,0.006385181008823376,6.2149517033366495e-06,False
sens_time_homogeneous_11,homogeneous confined,time_sensitivity,R20E,Theis analytical,direct baseline,20.0,0.0983989800467036,0.17879427763568218,0.0030946985791860935,0.005019591776521448,0.002347265817665196,False
sens_time_homogeneous_11,homogeneous confined,time_sensitivity,R50E,Theis analytical,direct baseline,50.0,0.03241556631249529,0.08011735534061744,0.0024821494042311667,0.0061514295807838515,0.0004506155930868311,False
sens_time_homogeneous_11,homogeneous confined,time_sensitivity,R100E,Theis analytical,direct baseline,100.0,0.028410335254927813,0.06541970186777593,0.0010253440751512293,0.0038000758729853368,1.9612087231294723e-06,True
sens_time_homogeneous_11,homogeneous confined,time_sensitivity,R100N,Theis analytical,direct baseline,100.0,0.02841033158531313,0.0654197046908674,0.0010253457044195802,0.0038000850028256927,1.9612087231294723e-06,True
