scenario_class,pathway,n_scenarios,cov_M_T,cov_M_S,bias_factor_T,bias_factor_S,tail_relative_range_cov_M_T,tail_relative_range_cov_M_S,converged_flag
homogeneous confined,Theis confined,2,0.04309106475159112,0.05121951466029834,1.2293786596632814,1.0237789699974316,,,
homogeneous confined,Theis confined,3,0.04927829917412816,0.04504797398919556,1.2219461576613189,1.0288485215182939,,,
homogeneous confined,Theis confined,4,0.05141140308446387,0.04102095452557268,1.217571985959987,1.0319106748294404,,,
homogeneous confined,Theis confined,5,0.05140014045431787,0.03909937182936031,1.2161733089909255,1.0324682738290396,,,
homogeneous confined,Theis confined,6,0.049523263537979166,0.04222339658695015,1.2194210426425443,1.0303596606586327,,,
homogeneous confined,Theis confined,7,0.0490628165687894,0.042307292561320466,1.22050003331308,1.0301396449048625,,,
homogeneous confined,Theis confined,8,0.04977212159818543,0.0407504650694676,1.2188283375548588,1.0311567517843712,,,
homogeneous confined,Theis confined,9,0.051053727588992785,0.03959646343654741,1.217421207556917,1.0323948070906663,,,
homogeneous confined,Theis confined,10,0.05135702733092725,0.03853954669195774,1.2163942367540972,1.0329842765323651,0.030860542658149363,0.05736752420005034,True
homogeneous confined,Hantush-Jacob leaky,2,0.05208239994669525,0.056637284078742994,1.2204253184329648,1.0203626200936995,,,
homogeneous confined,Hantush-Jacob leaky,3,0.05900330530614979,0.05008665828945918,1.2126671905973838,1.02521949076703,,,
homogeneous confined,Hantush-Jacob leaky,4,0.060429057523510625,0.04568215264040034,1.208957434674442,1.028482149853708,,,
homogeneous confined,Hantush-Jacob leaky,5,0.059948845395491564,0.043519320802914256,1.2080265241724117,1.0292009961644477,,,
homogeneous confined,Hantush-Jacob leaky,6,0.05790105653540159,0.04681971869551338,1.2110169276659124,1.0270362115038048,,,
homogeneous confined,Hantush-Jacob leaky,7,0.057471728703276534,0.04690506205973685,1.2121166995583643,1.0268273216141661,,,
homogeneous confined,Hantush-Jacob leaky,8,0.058623598004354835,0.04533480976828512,1.2102688266329007,1.0277596487678142,,,
homogeneous confined,Hantush-Jacob leaky,9,0.05968359015686833,0.04405057888067162,1.2090644426409174,1.0290562143253474,,,
homogeneous confined,Hantush-Jacob leaky,10,0.060308700432725564,0.04300736696604171,1.2078941487676735,1.0295803579510807,0.027941282373518603,0.05411730516032615,True
homogeneous confined,Lagging Darcy no-leakage,2,0.018307759229384046,0.006992413479998618,1.050989151830799,1.033353829673483,,,
homogeneous confined,Lagging Darcy no-leakage,3,0.020381931190500382,0.009981579784647856,1.049198828617673,1.0371566213869599,,,
homogeneous confined,Lagging Darcy no-leakage,4,0.02039251817393308,0.009770915677535554,1.048670207453414,1.0386752456717983,,,
homogeneous confined,Lagging Darcy no-leakage,5,0.020099065645445634,0.008817040249750418,1.0485443254499458,1.0387934144287592,,,
homogeneous confined,Lagging Darcy no-leakage,6,0.019609632697725924,0.009103118374792447,1.0490667552461281,1.037592288514005,,,
homogeneous confined,Lagging Darcy no-leakage,7,0.019428502139239086,0.008569729539376092,1.0493729482441552,1.0372312060539939,,,
homogeneous confined,Lagging Darcy no-leakage,8,0.01986059121393145,0.009155980756693645,1.0488984875457192,1.0381196964417558,,,
homogeneous confined,Lagging Darcy no-leakage,9,0.020057218919382017,0.00913221434876712,1.048747058116449,1.0387276378691517,,,
homogeneous confined,Lagging Darcy no-leakage,10,0.020320457973149967,0.00944099741901384,1.0484300233224009,1.0392896929893705,0.022630728098065184,0.03270661525919301,True
homogeneous confined,Lagging Darcy with leakage,2,0.018302936288369747,0.006990048579374295,1.050985950415489,1.03335066394034,,,
homogeneous confined,Lagging Darcy with leakage,3,0.020380230967999756,0.009982086782588138,1.0491968488370191,1.0371546218480954,,,
homogeneous confined,Lagging Darcy with leakage,4,0.020389195656665176,0.009768891709294777,1.0486686209157863,1.0386719461060232,,,
homogeneous confined,Lagging Darcy with leakage,5,0.02009497942334497,0.008814910207624987,1.0485447605791791,1.0387897759096694,,,
homogeneous confined,Lagging Darcy with leakage,6,0.01960620865091502,0.009101447142600052,1.049066689055717,1.0375891794410228,,,
homogeneous confined,Lagging Darcy with leakage,7,0.01942445715272501,0.008568659374820426,1.049373958776064,1.0372277900836533,,,
homogeneous confined,Lagging Darcy with leakage,8,0.01985691250584951,0.009155386605966025,1.0488985013812033,1.0381163246224239,,,
homogeneous confined,Lagging Darcy with leakage,9,0.02005418878126607,0.009132257528397395,1.0487476633216588,1.0387245306583435,,,
homogeneous confined,Lagging Darcy with leakage,10,0.02031780310922136,0.009440523909719778,1.0484305305821329,1.0392862825353368,0.0226840766639122,0.03265352476942494,True
vertical leakage,Theis confined,2,1.0462254090890761,0.737667718680183,4.951106643379522,2.6951121031420775,,,
vertical leakage,Theis confined,3,0.9695165486307945,0.6636198884377396,3.8885122905608798,2.3063544473175233,,,
vertical leakage,Theis confined,4,0.9241413499439528,0.6210806394407886,3.2198596125075767,2.0357653682427914,,,
vertical leakage,Theis confined,5,0.8947845728156927,0.597608098034417,2.770065147208332,1.8359358006008093,,,
vertical leakage,Theis confined,6,0.8612375404377053,0.5802011291050401,2.472558201306806,1.6894913609277569,,,
vertical leakage,Theis confined,7,1.0290402363633875,0.6771944704819536,2.8502872416365985,1.8619330300111305,,,
vertical leakage,Theis confined,8,0.9599410254408483,0.6375956056939172,2.7881651981640285,1.8383210019792207,,,
vertical leakage,Theis confined,9,0.9259964883000009,0.6142409872433413,2.606879601922116,1.7582010339481646,,,
vertical leakage,Theis confined,10,0.9022928676925276,0.5979075125224955,2.4437684060660363,1.68273541261068,0.06389073859770916,0.06637831494035362,True
vertical leakage,Hantush-Jacob leaky,2,0.3557276518363831,0.32072222560304153,2.197444313372981,1.5933238816783668,,,
vertical leakage,Hantush-Jacob leaky,3,0.3374921844289423,0.2871766075222609,2.024251760113094,1.5064571280118146,,,
vertical leakage,Hantush-Jacob leaky,4,0.32242995506563527,0.26491979438212343,1.908134311723228,1.4454812089929172,,,
vertical leakage,Hantush-Jacob leaky,5,0.3125740406040667,0.25261509867420406,1.8207785166679062,1.3952619996460345,,,
vertical leakage,Hantush-Jacob leaky,6,0.30615312375149745,0.2500644876737943,1.7406659543866518,1.3432594025609534,,,
vertical leakage,Hantush-Jacob leaky,7,0.3436225474961977,0.2827343026682526,1.8242398469450734,1.393902658025521,,,
vertical leakage,Hantush-Jacob leaky,8,0.3294204397388999,0.2697783752290146,1.8102099591751526,1.387444465765214,,,
vertical leakage,Hantush-Jacob leaky,9,0.3214999235380658,0.2601601618593438,1.7746182202642065,1.3686837242908514,,,
vertical leakage,Hantush-Jacob leaky,10,0.31852326649944873,0.25470242178719077,1.7274002675259224,1.3426302463009139,0.0342115455464539,0.05919045973744257,True
vertical leakage,Lagging Darcy no-leakage,2,1.9872022796037472,0.7344061316480914,10.296654225973942,1.045141748574137,,,
vertical leakage,Lagging Darcy no-leakage,3,1.7663753908945736,0.753134567027025,8.103585809014044,0.8882878828462073,,,
vertical leakage,Lagging Darcy no-leakage,4,1.8840788120367062,0.6801788967787997,5.555231500364178,0.9973903190064602,,,
vertical leakage,Lagging Darcy no-leakage,5,1.8803382938853677,0.6021894458678589,4.235447736812316,1.0391943591900996,,,
vertical leakage,Lagging Darcy no-leakage,6,1.8222214893873048,0.541898111335893,3.4618530815720723,1.0541158913606552,,,
vertical leakage,Lagging Darcy no-leakage,7,2.125607541256163,0.6020078997167414,4.192060231776737,1.1000412641497546,,,
vertical leakage,Lagging Darcy no-leakage,8,1.9678752970451798,0.632325159436253,4.285527384135992,1.0286777163243346,,,
vertical leakage,Lagging Darcy no-leakage,9,1.8986063683881227,0.5945692933231428,3.796925580808692,1.0502651894974717,,,
vertical leakage,Lagging Darcy no-leakage,10,1.8487598019142388,0.5598127914578818,3.397844357452681,1.0593852031998583,0.06442994650122028,0.12952967328512144,True
vertical leakage,Lagging Darcy with leakage,2,0.33049285010256446,0.24725295616473122,1.5909101512084576,1.3756125289391135,,,
vertical leakage,Lagging Darcy with leakage,3,0.30244282744589346,0.21749297810981588,1.4704028753992127,1.305657838251271,,,
vertical leakage,Lagging Darcy with leakage,4,0.2810031368506134,0.19964596782610658,1.3919318698811542,1.2566888846777837,,,
vertical leakage,Lagging Darcy with leakage,5,0.26420935949254204,0.18735834170183246,1.3380893498783093,1.2212575857991497,,,
vertical leakage,Lagging Darcy with leakage,6,0.24902036108114609,0.17778802817294953,1.3020201543974816,1.1951978580216271,,,
vertical leakage,Lagging Darcy with leakage,7,0.2927101226097554,0.2119316364577094,1.3607434872279587,1.2345260046353186,,,
vertical leakage,Lagging Darcy with leakage,8,0.2788845242030411,0.20025231460783,1.3468247905239623,1.2266552689383492,,,
vertical leakage,Lagging Darcy with leakage,9,0.2686347264098624,0.19205149972687457,1.3225421730505518,1.2113965913389029,,,
vertical leakage,Lagging Darcy with leakage,10,0.26015457280774296,0.18512118725248575,1.3008388327323155,1.197948126102655,0.07199547251141261,0.08173633488373748,True
constant head boundary,Theis confined,2,0.04860785620147185,0.05422013308715697,1.2360441931384563,1.0272180713792176,,,
constant head boundary,Theis confined,3,0.05301903069474244,0.04703818481057382,1.2264539235974237,1.0312003273773305,,,
constant head boundary,Theis confined,4,0.054308785628982614,0.042522810372898,1.2209705990074038,1.0336955548627418,,,
constant head boundary,Theis confined,5,0.053778387807665896,0.04034178975888731,1.2189138514621323,1.0339099331714947,,,
constant head boundary,Theis confined,6,0.05313164097171171,0.04411093208369722,1.2237011525853605,1.032602737176123,,,
constant head boundary,Theis confined,7,0.05230716437697495,0.044026351010357,1.2244057146185459,1.032183661943135,,,
constant head boundary,Theis confined,8,0.05267427867639122,0.04228137079469317,1.2222732381046677,1.0329637482724479,,,
constant head boundary,Theis confined,9,0.053643829829793904,0.04095655812005517,1.220494948666492,1.0340109390529437,,,
constant head boundary,Theis confined,10,0.053723006355888996,0.039781042881587014,1.2191703590175957,1.0344459611151724,0.019521016239308388,0.06285224649712375,True
constant head boundary,Hantush-Jacob leaky,2,0.05747920450589848,0.05957309562505432,1.2270450409369953,1.0237895984530114,,,
constant head boundary,Hantush-Jacob leaky,3,0.06262800844948266,0.05204768420713875,1.2171425812047776,1.027562559523068,,,
constant head boundary,Hantush-Jacob leaky,4,0.06322954501217988,0.04716084654411465,1.2123334042615124,1.0302607652976299,,,
constant head boundary,Hantush-Jacob leaky,5,0.062241967125572825,0.04473892869802394,1.2107498410906417,1.0306378235069247,,,
constant head boundary,Hantush-Jacob leaky,6,0.061406308419223815,0.048674040957775395,1.2152692842635968,1.0292716353925342,,,
constant head boundary,Hantush-Jacob leaky,7,0.060622088785345016,0.048592658384760276,1.2159971479536023,1.0288643907848112,,,
constant head boundary,Hantush-Jacob leaky,8,0.06142417458245836,0.04683854072108437,1.2136909471588722,1.0295603609923984,,,
constant head boundary,Hantush-Jacob leaky,9,0.06218608171117446,0.04538767197447593,1.212118346205521,1.0306668242114558,,,
constant head boundary,Hantush-Jacob leaky,10,0.0625845688057783,0.04422763415047529,1.210652014950159,1.0310369591538473,0.0185412194325577,0.059033376321374544,True
constant head boundary,Lagging Darcy no-leakage,2,0.03384202978163613,0.01172988075033095,1.0647682594326158,1.0377954270954866,,,
constant head boundary,Lagging Darcy no-leakage,3,0.03175476565695179,0.011729558148717005,1.0585766245545123,1.0401936645881429,,,
constant head boundary,Lagging Darcy no-leakage,4,0.029580231274916328,0.010867499417923327,1.0557664433906258,1.0409769159728037,,,
constant head boundary,Lagging Darcy no-leakage,5,0.02786940720354456,0.009795549381520963,1.0542779676313407,1.0406515428811403,,,
constant head boundary,Lagging Darcy no-leakage,6,0.030819660131212432,0.010858230158012348,1.0579370592577249,1.0404867058047245,,,
constant head boundary,Lagging Darcy no-leakage,7,0.029633151093213194,0.010295276636813304,1.05751279509188,1.0398770690454047,,,
constant head boundary,Lagging Darcy no-leakage,8,0.02906810745196756,0.010437771881906232,1.0560910020076892,1.0404591897794049,,,
constant head boundary,Lagging Darcy no-leakage,9,0.028438100299976215,0.010184941400226494,1.0551744816104902,1.0408194370148554,,,
constant head boundary,Lagging Darcy no-leakage,10,0.028019748409832308,0.010281538073590427,1.0542406228610293,1.0411815248398124,0.03741500554542369,0.02459072561615748,True
constant head boundary,Lagging Darcy with leakage,2,0.0223429270230518,0.007039321599205391,1.056234342373603,1.0333505380443042,,,
constant head boundary,Lagging Darcy with leakage,3,0.023338200780909635,0.010021731909487824,1.052913707126342,1.0372210802516708,,,
constant head boundary,Lagging Darcy with leakage,4,0.022757047961293155,0.00979458699121591,1.0515279241169326,1.0387444163828734,,,
constant head boundary,Lagging Darcy with leakage,5,0.022090848858683624,0.008837368051686076,1.0508897596187239,1.0388659839998504,,,
constant head boundary,Lagging Darcy with leakage,6,0.022056968927988318,0.009118038822707515,1.052131941684478,1.0374287317575974,,,
constant head boundary,Lagging Darcy with leakage,7,0.02198500983935038,0.008626585337481486,1.0525375008338924,1.0372565655902646,,,
constant head boundary,Lagging Darcy with leakage,8,0.022184735843744384,0.00920350171635823,1.0517418350377694,1.0381642786319705,,,
constant head boundary,Lagging Darcy with leakage,9,0.022167970812380106,0.00917358361537986,1.0513104113018952,1.0387782217043255,,,
constant head boundary,Lagging Darcy with leakage,10,0.022263010593753872,0.009474272314111557,1.0507642628501983,1.039343687519211,0.004268954595046115,0.031737392462725826,True
heterogeneous K,Theis confined,2,0.09074216569733555,0.11690306868447758,1.2763830427689373,0.9270057847817065,,,
heterogeneous K,Theis confined,3,0.09410387540440403,0.11489279924170523,1.238211270534219,0.9672407351507526,,,
heterogeneous K,Theis confined,4,0.13758857405955763,0.17987194475181886,1.2177040892129116,1.050313673519406,,,
heterogeneous K,Theis confined,5,0.14864227667371036,0.18131825154496994,1.1795157508756733,1.0631381016360761,,,
heterogeneous K,Theis confined,6,0.16323461713508292,0.18498480993061944,1.1665285924279807,1.0860819313860723,,,
heterogeneous K,Theis confined,7,0.15976970715909966,0.18327009610451264,1.1753073906534917,1.08491438498338,,,
heterogeneous K,Theis confined,8,0.23063269016594698,0.3625597401650674,1.1611664454092472,1.1946804220744942,,,
heterogeneous K,Theis confined,9,0.22192008974678015,0.3437325049103022,1.1549728088749716,1.175411113121027,,,
heterogeneous K,Theis confined,10,0.21507665295891154,0.32948439200333907,1.1705836699705516,1.1707484198232305,0.07232787470431427,0.10038517442547981,True
heterogeneous K,Hantush-Jacob leaky,2,0.08533373394224328,0.12005255834097744,1.2630209921907403,0.9229815335548527,,,
heterogeneous K,Hantush-Jacob leaky,3,0.09305281499662617,0.1176245679086979,1.2260894673211131,0.9631501323550311,,,
heterogeneous K,Hantush-Jacob leaky,4,0.13789166979871778,0.18225105191368005,1.2079003453448713,1.0465765485840666,,,
heterogeneous K,Hantush-Jacob leaky,5,0.1497368448467422,0.18354064517064944,1.1703537176570784,1.0594356934829194,,,
heterogeneous K,Hantush-Jacob leaky,6,0.16438258777834955,0.18737484734763551,1.158169611516968,1.0825550799065218,,,
heterogeneous K,Hantush-Jacob leaky,7,0.16187085722304406,0.18590125795243836,1.1668324827073142,1.0813567237248936,,,
heterogeneous K,Hantush-Jacob leaky,8,0.2322867553755514,0.36472476572339424,1.1535508814443511,1.1910816467286518,,,
heterogeneous K,Hantush-Jacob leaky,9,0.2228489870412297,0.3458863734686411,1.1467993030799963,1.171640185159432,,,
heterogeneous K,Hantush-Jacob leaky,10,0.21519264577071542,0.33183610260601276,1.1612683040910405,1.1666605803538157,0.07943630946872368,0.0991111662025214,True
heterogeneous K,Lagging Darcy no-leakage,2,0.08295470972011819,0.08861264059419557,1.0710492587271092,0.9483313778143305,,,
heterogeneous K,Lagging Darcy no-leakage,3,0.07780983206482818,0.09047035310760888,1.0523777358911206,0.9839190270210407,,,
heterogeneous K,Lagging Darcy no-leakage,4,0.09769858516301881,0.1571170791658504,1.0421740492630238,1.060877439183159,,,
heterogeneous K,Lagging Darcy no-leakage,5,0.10858686618208735,0.16120702288118974,1.014083537285854,1.0734644636059103,,,
heterogeneous K,Lagging Darcy no-leakage,6,0.13477676252676948,0.1598849134391065,1.0014216140931385,1.0933002533397687,,,
heterogeneous K,Lagging Darcy no-leakage,7,0.12913443346818917,0.15471905636828354,1.000236333186246,1.0913768213080655,,,
heterogeneous K,Lagging Darcy no-leakage,8,0.2007199819978073,0.3262536633753969,0.9879488965392753,1.1944819423796542,,,
heterogeneous K,Lagging Darcy no-leakage,9,0.19690016796492107,0.30934537787368094,0.986742187221312,1.1769939898895758,,,
heterogeneous K,Lagging Darcy no-leakage,10,0.19364049095399696,0.29594400759126305,1.0026606314190771,1.175376843984858,0.036559972601454556,0.10241685929317891,True
heterogeneous K,Lagging Darcy with leakage,2,0.08299259069368138,0.08859978268590754,1.071068561254689,0.9483050596027008,,,
heterogeneous K,Lagging Darcy with leakage,3,0.07794516075800142,0.09043231178052691,1.0522781493194218,0.9838631325596052,,,
heterogeneous K,Lagging Darcy with leakage,4,0.11502708710201758,0.15125037386854284,1.0328092699956897,1.0564716279866486,,,
heterogeneous K,Lagging Darcy with leakage,5,0.12411908620535264,0.1568768493760705,1.0035604061358012,1.0685768573089716,,,
heterogeneous K,Lagging Darcy with leakage,6,0.16179096746789048,0.14948042395419894,0.98125403769901,1.0818118543407516,,,
heterogeneous K,Lagging Darcy with leakage,7,0.15328588961902911,0.14553561377285595,0.9829468685377989,1.0815387416599391,,,
heterogeneous K,Lagging Darcy with leakage,8,0.2518802209852115,0.2918679617974696,0.9537231051336499,1.1705298497163428,,,
heterogeneous K,Lagging Darcy with leakage,9,0.2434611661128015,0.27656501453011384,0.9562971248847802,1.155990317790229,,,
heterogeneous K,Lagging Darcy with leakage,10,0.23859990108350365,0.2654081174645245,0.9747738585007647,1.156483543686819,0.05565936884885841,0.09969493241472487,True
heterogeneous leakage,Theis confined,2,0.7832882526502721,0.6139320206823182,2.5151885966194,1.7035582775139222,,,
heterogeneous leakage,Theis confined,3,0.6969629270690912,0.5259112093163346,2.0661764407782064,1.4930551197877793,,,
heterogeneous leakage,Theis confined,4,0.8991918474947008,0.7114325816550562,2.583603500389811,1.8654779761238913,,,
heterogeneous leakage,Theis confined,5,0.8306158892217962,0.6491367667271899,2.3981192966676814,1.847520211145957,,,
heterogeneous leakage,Theis confined,6,0.7838484974446586,0.6237530045986144,2.1860215275837303,1.700572023451623,,,
heterogeneous leakage,Theis confined,7,0.7910492459361494,0.6403292060275758,2.411185108482317,1.6173737000146318,,,
heterogeneous leakage,Theis confined,8,0.7953892800494989,0.8092181168316014,2.468335926210478,1.7623065338561477,,,
heterogeneous leakage,Theis confined,9,0.7555937831418439,0.8098527279411044,2.3601138430412627,1.620920728131135,,,
heterogeneous leakage,Theis confined,10,0.7340830486660426,0.7647209522882433,2.25075399346148,1.5788820149195046,0.08351402677784281,0.05901731280909083,True
heterogeneous leakage,Hantush-Jacob leaky,2,0.2821123297453395,0.2801112117618412,1.7006724281809174,1.3112394053479834,,,
heterogeneous leakage,Hantush-Jacob leaky,3,0.2638403969709992,0.23932782286337997,1.5874134296371252,1.2523318486103743,,,
heterogeneous leakage,Hantush-Jacob leaky,4,0.3774042942588398,0.36733340115941415,1.7512541131709825,1.4376531431205943,,,
heterogeneous leakage,Hantush-Jacob leaky,5,0.37164785212190726,0.3526373130035731,1.6832567037466766,1.4545663447917452,,,
heterogeneous leakage,Hantush-Jacob leaky,6,0.34820939519469246,0.3399514702041972,1.6249978833337901,1.39232220597447,,,
heterogeneous leakage,Hantush-Jacob leaky,7,0.41057596380805766,0.3822670563109359,1.7894980449754003,1.324914360653188,,,
heterogeneous leakage,Hantush-Jacob leaky,8,0.4774245008208763,0.6086098037552566,1.8645871372432552,1.458468764862654,,,
heterogeneous leakage,Hantush-Jacob leaky,9,0.45012837657139215,0.6058242019819434,1.8349081875871827,1.3689096367563827,,,
heterogeneous leakage,Hantush-Jacob leaky,10,0.4398453261713521,0.5722467724796799,1.7876738459009587,1.3529001464541068,0.0854372489907608,0.06354431868266752,True
heterogeneous leakage,Lagging Darcy no-leakage,2,1.8862611482297285,0.5427498479266224,3.6427005945180597,1.060921303812114,,,
heterogeneous leakage,Lagging Darcy no-leakage,3,1.5633589741189375,0.4271214541124653,2.5724283232937326,1.0925794231941843,,,
heterogeneous leakage,Lagging Darcy no-leakage,4,2.142904988395439,0.41392212132957246,3.7420648589553984,1.1826955090680937,,,
heterogeneous leakage,Lagging Darcy no-leakage,5,1.9149644729838085,0.4135061456164772,3.552100541870997,1.2041502453644666,,,
heterogeneous leakage,Lagging Darcy no-leakage,6,1.783107734872207,0.3755493681473882,2.9874815029431616,1.1941378645827465,,,
heterogeneous leakage,Lagging Darcy no-leakage,7,1.7047574632109428,0.38038051699566683,3.2569378403685714,1.1474750177256876,,,
heterogeneous leakage,Lagging Darcy no-leakage,8,1.584647584250676,0.6913492751665462,3.20172571133107,1.3060785122973573,,,
heterogeneous leakage,Lagging Darcy no-leakage,9,1.5059768131881945,0.6608826226422494,2.9188949766795504,1.251560279830593,,,
heterogeneous leakage,Lagging Darcy no-leakage,10,1.4347711679849384,0.6212518008396967,2.712643158752253,1.2525611280014834,0.10446015337500208,0.11283262959093938,True
heterogeneous leakage,Lagging Darcy with leakage,2,0.2383378006901946,0.21891756747081653,1.2435052955453483,1.1534922007500088,,,
heterogeneous leakage,Lagging Darcy with leakage,3,0.2016334408756169,0.1770846329409131,1.204253588172517,1.1304922390436754,,,
heterogeneous leakage,Lagging Darcy with leakage,4,0.28340064783200963,0.2799116504135129,1.300546382158157,1.2673649494667216,,,
heterogeneous leakage,Lagging Darcy with leakage,5,0.292992810311045,0.26797797438230336,1.2274230387498493,1.2635012897861329,,,
heterogeneous leakage,Lagging Darcy with leakage,6,0.269127543140881,0.2514854785129672,1.2068641525939168,1.229867697938679,,,
heterogeneous leakage,Lagging Darcy with leakage,7,0.33262907788890217,0.3200000379702196,1.312137925655349,1.171077240235928,,,
heterogeneous leakage,Lagging Darcy with leakage,8,0.4242647707908344,0.33371401350618474,1.2767868822993704,1.2174859211109246,,,
heterogeneous leakage,Lagging Darcy with leakage,9,0.40050064946620945,0.3326137791015193,1.2892092119805991,1.1757811155095148,,,
heterogeneous leakage,Lagging Darcy with leakage,10,0.38647374907363563,0.31635253551327036,1.2666145750363216,1.1683330869682464,0.09778418795010675,0.05488016071926219,True
heterogeneous boundary,Theis confined,2,0.05497448383884726,0.08592266485430833,1.2348526428182,1.009122609978061,,,
heterogeneous boundary,Theis confined,3,0.08063354860922659,0.07877817447552996,1.2558095925851398,1.0163781539195833,,,
heterogeneous boundary,Theis confined,4,0.08529709242634499,0.08024439022706864,1.2362977884936988,1.0307810931021615,,,
heterogeneous boundary,Theis confined,5,0.07956974632049063,0.07814546623896067,1.2366990831924987,1.0276493975019765,,,
heterogeneous boundary,Theis confined,6,0.08005823175157031,0.08629189676718492,1.2546837939101343,1.0064176694974092,,,
heterogeneous boundary,Theis confined,7,0.09618786940493458,0.11202060586245685,1.2757511805735138,1.002854817199198,,,
heterogeneous boundary,Theis confined,8,0.18147232401030122,0.22859477459547495,1.3050653540139514,1.039107408529537,,,
heterogeneous boundary,Theis confined,9,0.19470794374117475,0.22376555294656783,1.2882491481466776,1.0569658169571847,,,
heterogeneous boundary,Theis confined,10,0.19945356635794656,0.2128339297891851,1.2605502096959946,1.061573406628727,0.09015252359727452,0.07405231309641826,True
heterogeneous boundary,Hantush-Jacob leaky,2,0.06112750382102182,0.08970515748189664,1.2255450323432437,1.0056708887809587,,,
heterogeneous boundary,Hantush-Jacob leaky,3,0.08582203387325561,0.08198382394985727,1.2460216736513217,1.0127255081561504,,,
heterogeneous boundary,Hantush-Jacob leaky,4,0.09044146339247644,0.08343164913923287,1.2274679537068205,1.0273222693192579,,,
heterogeneous boundary,Hantush-Jacob leaky,5,0.0846707378282984,0.08133865317767072,1.2281914107853986,1.0243281310325463,,,
heterogeneous boundary,Hantush-Jacob leaky,6,0.0828779453203236,0.0890866206747428,1.2445540707063718,1.002799321481136,,,
heterogeneous boundary,Hantush-Jacob leaky,7,0.09925227843540713,0.11522617131709482,1.2647488273040866,0.9991333498891771,,,
heterogeneous boundary,Hantush-Jacob leaky,8,0.1825708019457899,0.23101978649927488,1.2938350698292767,1.0352451959024622,,,
heterogeneous boundary,Hantush-Jacob leaky,9,0.19523323122563224,0.22622731880887081,1.2783120354312343,1.0534346222948965,,,
heterogeneous boundary,Hantush-Jacob leaky,10,0.20080453381304142,0.21525452017658314,1.250583411874417,1.0578978363758385,0.0908033873589129,0.07324011737248892,True
heterogeneous boundary,Lagging Darcy no-leakage,2,0.03726138910751494,0.06656649709251218,1.0602071803359734,1.0196660157032054,,,
heterogeneous boundary,Lagging Darcy no-leakage,3,0.0707106644899848,0.06123467152925701,1.078146587626617,1.025186241040851,,,
heterogeneous boundary,Lagging Darcy no-leakage,4,0.06813170361314048,0.06380573384407237,1.0741238020557051,1.037795139339228,,,
heterogeneous boundary,Lagging Darcy no-leakage,5,0.06451832146062933,0.05976181593478316,1.0663368203479957,1.0348060708323399,,,
heterogeneous boundary,Lagging Darcy no-leakage,6,0.06616972652716474,0.06934195787723493,1.0747335499636506,1.019259281479006,,,
heterogeneous boundary,Lagging Darcy no-leakage,7,0.06988469099908368,0.07916324690915404,1.0703137857668021,1.0203635178483412,,,
heterogeneous boundary,Lagging Darcy no-leakage,8,0.1620457341612454,0.17777978151394272,1.0816723457461175,1.0499262585415003,,,
heterogeneous boundary,Lagging Darcy no-leakage,9,0.17350781727928702,0.17021982247696793,1.0617245890494424,1.0585872559176623,,,
heterogeneous boundary,Lagging Darcy no-leakage,10,0.17095932484997123,0.16251792523885386,1.0495070098831447,1.0643738113303256,0.06704567374783678,0.09390875654275299,True
heterogeneous boundary,Lagging Darcy with leakage,2,0.03610455587850195,0.058725257082504395,1.0526371733905528,1.0156512485310842,,,
heterogeneous boundary,Lagging Darcy with leakage,3,0.07164996212728504,0.05621117782226107,1.0730069611076565,1.0224918400581982,,,
heterogeneous boundary,Lagging Darcy with leakage,4,0.07824946163009672,0.055995082811170736,1.0502638718876038,1.0256713916938882,,,
heterogeneous boundary,Lagging Darcy with leakage,5,0.07169368093430298,0.05290560422363866,1.0473409966549754,1.0251254663593639,,,
heterogeneous boundary,Lagging Darcy with leakage,6,0.07402698638235089,0.06272007063431982,1.058757616183549,1.0113050679138664,,,
heterogeneous boundary,Lagging Darcy with leakage,7,0.07361442009671734,0.0735836327397391,1.0548044214936048,1.012616458255098,,,
heterogeneous boundary,Lagging Darcy with leakage,8,0.17587756561660722,0.15941264524425858,1.0626298250552295,1.0391222030747471,,,
heterogeneous boundary,Lagging Darcy with leakage,9,0.18676055472620234,0.15164876008378336,1.0407403043361023,1.0461110927844948,,,
heterogeneous boundary,Lagging Darcy with leakage,10,0.18506162702189974,0.14530169767095302,1.02756242894371,1.051755721827746,0.058807378302727524,0.09711481558364783,True
heterogeneous leakage boundary,Theis confined,2,0.7250653999737791,0.5915283009301757,2.8062509376907245,1.756575567594287,,,
heterogeneous leakage boundary,Theis confined,3,0.6693483504503303,0.5163490314096061,2.293550501673674,1.5262018746039048,,,
heterogeneous leakage boundary,Theis confined,4,0.7245518367029623,0.5174172080885433,2.630253955693359,1.7283150267447887,,,
heterogeneous leakage boundary,Theis confined,5,0.6555167492645422,0.5113650089161192,2.4447475897550817,1.6053027238027806,,,
heterogeneous leakage boundary,Theis confined,6,0.6342271683865893,0.4829589155328133,2.2411244817998237,1.524080189363531,,,
heterogeneous leakage boundary,Theis confined,7,0.8337202308421645,0.7692890807982525,2.532631620789389,1.6494477854991256,,,
heterogeneous leakage boundary,Theis confined,8,0.8820911695578028,0.7287528462212639,2.30285476122595,1.7097864102583438,,,
heterogeneous leakage boundary,Theis confined,9,0.8281642532611654,0.695532487976682,2.226238542679203,1.6355783645151167,,,
heterogeneous leakage boundary,Theis confined,10,0.7845107300810502,0.6698728420905842,2.159770108168706,1.5795074285347117,0.12438381749943841,0.08789728502341289,True
heterogeneous leakage boundary,Hantush-Jacob leaky,2,0.2900649388010396,0.3015682934955283,1.9881604627289498,1.4013149161370146,,,
heterogeneous leakage boundary,Hantush-Jacob leaky,3,0.29345370103409174,0.26442542485395804,1.818562351551297,1.3112634692503184,,,
heterogeneous leakage boundary,Hantush-Jacob leaky,4,0.32108217021508184,0.25325370995992824,1.8783133157690852,1.387478835136007,,,
heterogeneous leakage boundary,Hantush-Jacob leaky,5,0.2921151232319924,0.26580362900843946,1.836652081049705,1.3310354221546994,,,
heterogeneous leakage boundary,Hantush-Jacob leaky,6,0.28829872089961794,0.25417511229797696,1.7641368236098423,1.303149348252063,,,
heterogeneous leakage boundary,Hantush-Jacob leaky,7,0.362438277591653,0.4569694383356433,1.8676988122788685,1.348598371486273,,,
heterogeneous leakage boundary,Hantush-Jacob leaky,8,0.4766300271430579,0.4382007551446552,1.693391800848672,1.3898546177809823,,,
heterogeneous leakage boundary,Hantush-Jacob leaky,9,0.45036315204877125,0.4173721206142435,1.69296514324496,1.3600949489731609,,,
heterogeneous leakage boundary,Hantush-Jacob leaky,10,0.428782665623022,0.4045847102555891,1.6813741471858943,1.3346831657175844,0.11158884291769033,0.0830877787443567,True
heterogeneous leakage boundary,Lagging Darcy no-leakage,2,1.7276174320586253,0.44885512516398396,3.990694862589857,1.0888858020722936,,,
heterogeneous leakage boundary,Lagging Darcy no-leakage,3,1.4745484723271567,0.35546782329140364,2.821202236691456,1.1127703768676842,,,
heterogeneous leakage boundary,Lagging Darcy no-leakage,4,1.6486838199880005,0.5701802140636706,3.908765294852446,0.934103896584248,,,
heterogeneous leakage boundary,Lagging Darcy no-leakage,5,1.4649292459708356,0.5008976394028095,3.4935273131421356,0.9492928214185202,,,
heterogeneous leakage boundary,Lagging Darcy no-leakage,6,1.405405639228866,0.4636426327434574,2.9669560083427418,0.9855636356695892,,,
heterogeneous leakage boundary,Lagging Darcy no-leakage,7,1.769585581327239,0.8011109424663149,3.5572991301722063,1.00966332341278,,,
heterogeneous leakage boundary,Lagging Darcy no-leakage,8,1.8067569211154901,0.7786228144618448,3.314987014902345,1.0872922248959362,,,
heterogeneous leakage boundary,Lagging Darcy no-leakage,9,1.683987720174989,0.7233276488761645,3.051019853700519,1.0945233481870627,,,
heterogeneous leakage boundary,Lagging Darcy no-leakage,10,1.5793154754710197,0.6831803710483644,2.85222830508826,1.1025485862927316,0.14401267459032377,0.13970314057328756,True
heterogeneous leakage boundary,Lagging Darcy with leakage,2,0.22308638507050144,0.22651545504387477,1.4472308479334988,1.2373817110838559,,,
heterogeneous leakage boundary,Lagging Darcy with leakage,3,0.2097657071191371,0.19181089073288785,1.3723509571420804,1.1844575398978847,,,
heterogeneous leakage boundary,Lagging Darcy with leakage,4,0.23791065389652583,0.18686243842525674,1.4116273403698734,1.23950935304922,,,
heterogeneous leakage boundary,Lagging Darcy with leakage,5,0.2306427330791212,0.20727628000937198,1.374588863964355,1.1887844417842879,,,
heterogeneous leakage boundary,Lagging Darcy with leakage,6,0.22961035052669523,0.19227242727133956,1.3273627260346414,1.1715447169689626,,,
heterogeneous leakage boundary,Lagging Darcy with leakage,7,0.2699657227335649,0.3588541201373421,1.3722913193308854,1.196133078456647,,,
heterogeneous leakage boundary,Lagging Darcy with leakage,8,0.4731879843165736,0.3343656118004026,1.204656540674186,1.200177774606923,,,
heterogeneous leakage boundary,Lagging Darcy with leakage,9,0.44654365931605405,0.3161287873293547,1.2219137679180136,1.18555842639505,,,
heterogeneous leakage boundary,Lagging Darcy with leakage,10,0.4239698076865742,0.3051126756541708,1.2235774269100907,1.1714301033971597,0.11608887174905774,0.09587584679500002,True
