scenario_class,pathway,response_count,mu_lnM_T,sigma_lnM_T,cov_M_T,median_M_T,mu_lnM_S,sigma_lnM_S,cov_M_S,median_M_S,mu_lnM_capacity,sigma_lnM_capacity,cov_M_capacity,median_M_capacity,mu_lnM_response_time,sigma_lnM_response_time,cov_M_response_time,median_M_response_time,median_response_cov,median_sd_eta,boundary_hit_fraction
homogeneous confined,Theis confined,4,0.2115403012066927,0.041724353958948926,0.04174252025549434,1.2380760260555672,0.019219295361853038,0.06148407219361743,0.06154222490554513,1.0387628249457221,0.2115403012066927,0.041724353958948926,0.04174252025549434,1.2380760260555672,-0.19232100584483958,0.03595939525359192,0.03597102296244404,0.8334199663002223,0.046750317678345935,0.046721474216781196,0.0
homogeneous confined,Hantush-Jacob leaky,4,0.20364403549715954,0.05145535891938368,0.05148943670982646,1.2324517662569032,0.0156786211502826,0.06774022917588202,0.06781801406926118,1.0384826268286964,0.20364403549715954,0.05145535891938368,0.05148943670982646,1.2324517662569032,-0.18796541434687683,0.028100274153502854,0.028105822238756246,0.8334219920005216,0.04687726209867035,0.04684811471083862,1.0
homogeneous confined,Lagging Darcy no-leakage,4,0.05020212119066057,0.019273642026444472,0.019275432075713354,1.0543553881904357,0.030961967339479833,0.009369313614440641,0.009369519237241872,1.0348698861668448,0.05020212119066057,0.019273642026444472,0.019275432075713354,1.0543553881904357,-0.019240153851180785,0.011144527940414706,0.011144873988363604,0.9803688509364573,0.003805927038884857,0.0038059090424987767,0.0
homogeneous confined,Lagging Darcy with leakage,4,0.05019991994586886,0.019268582235403592,0.019270370875181637,1.054346818749844,0.030960161680230164,0.009372829370508044,0.009373035224874688,1.0348703882847115,0.05019991994586886,0.019268582235403592,0.019270370875181637,1.054346818749844,-0.019239758265638722,0.011140024141050076,0.011140369769618845,0.9803656817857754,0.0038059247937525338,0.0038059067974954104,0.0
vertical leakage,Theis confined,8,0.976631031601009,0.6209025595022039,0.6858416016493094,2.359244150285694,0.5555735895229913,0.482303894576458,0.5117598448081332,1.6712145507345886,0.976631031601009,0.6209025595022039,0.6858416016493094,2.359244150285694,-0.42105744207801765,0.1475321557704419,0.14833859446710143,0.6919238898971082,0.07610920973149998,0.07599933643869304,0.0
vertical leakage,Hantush-Jacob leaky,8,0.6052706979160978,0.25067670596562824,0.2546668065596032,1.806986884610831,0.3090485023566815,0.23373640644053495,0.23696545464569718,1.3712468129129416,0.6052706979160978,0.25067670596562824,0.2546668065596032,1.806986884610831,-0.29622219555941615,0.03837776435424034,0.03839189989066792,0.750268437357931,0.023386041698674222,0.023382123613607593,0.125
vertical leakage,Lagging Darcy no-leakage,8,1.3325484423453675,1.1500972667664366,1.65940691768692,2.345916196848948,0.0765374130295108,0.4901437684949562,0.5211098240027252,1.1397241532019817,1.3325484423453675,1.1500972667664366,1.65940691768692,2.345916196848948,-1.2560110293158566,1.3778998986469666,2.382560602438592,0.7122963118624606,0.025438845628751375,0.025434731479430046,0.0
vertical leakage,Lagging Darcy with leakage,8,0.2732473906710716,0.20405295193068348,0.20619556194158944,1.2744801651262667,0.1743247030083683,0.14907563436430601,0.14990772914317618,1.1581124738359507,0.2732473906710716,0.20405295193068348,0.20619556194158944,1.2744801651262667,-0.09892268766270337,0.05528285676500995,0.05532512245835129,0.9086939958153157,0.0007978522086218951,0.0007978520429624369,0.0
constant head boundary,Theis confined,8,0.2831778707528064,0.11417820557036859,0.11455134391865449,1.2816585998933874,0.07001622047069142,0.10668366323797741,0.10698793669732405,1.0679170156255149,0.2831778707528064,0.11417820557036859,0.11455134391865449,1.2816585998933874,-0.21316165028211503,0.03713849234566745,0.03715130200612299,0.8049593138865859,0.04010012163616984,0.04008370157564724,0.0
constant head boundary,Hantush-Jacob leaky,8,0.2752863225615788,0.12118931908777195,0.12163565597090058,1.2816510194955484,0.06643326838340546,0.11130482263342249,0.11165044632266918,1.067913330469198,0.2752863225615788,0.12118931908777195,0.12163565597090058,1.2816510194955484,-0.20885305417817338,0.03253904958281146,0.032547664486003915,0.8094565296524147,0.04014235188666522,0.04012587251584614,1.0
constant head boundary,Lagging Darcy no-leakage,8,0.15403220425764663,0.14426729468563612,0.1450212204627006,1.0819976557962956,0.08376560308354482,0.0805195342114119,0.08065022065799962,1.038826904328205,0.15403220425764663,0.14426729468563612,0.1450212204627006,1.0819976557962956,-0.07026660117410176,0.0647341606647553,0.0648020372201766,0.9582618690968988,0.00622610980916744,0.006226049472514464,0.0
constant head boundary,Lagging Darcy with leakage,8,0.08940161527972536,0.05971002646380595,0.05976328686487405,1.0704754191278358,0.05100924319483591,0.033449916869126725,0.033459275802979145,1.0388269162303239,0.08940161527972536,0.05971002646380595,0.05976328686487405,1.0704754191278358,-0.0383923720848895,0.02680637015163487,0.02681118651292511,0.9702317570083342,0.0025752727567154537,0.002575268462677123,0.0
heterogeneous K,Theis confined,12,0.12200375438145526,0.18349890697367305,0.18505448470147234,1.1935380662838817,0.12246275106423059,0.17692806002115388,0.17832175103622888,1.1304345102011046,0.12200375438145526,0.18349890697367305,0.18505448470147234,1.1935380662838817,0.00045899668277533484,0.19980726203158541,0.20181817174069536,1.047962288577991,0.044627026577570034,0.044604439172616056,0.0
heterogeneous K,Hantush-Jacob leaky,12,0.11532026394103463,0.18813957837688713,0.1898167917153344,1.1829584991153757,0.11938018062189738,0.17988531814150582,0.1813503911225631,1.1304304094126048,0.11532026394103463,0.18813957837688713,0.1898167917153344,1.1829584991153757,0.004059916680862728,0.19855310553657526,0.20052617988194593,1.0483074605610803,0.04463049239241246,0.044607900269858385,1.0
heterogeneous K,Lagging Darcy no-leakage,12,-0.03270826085191704,0.15619692278258354,0.15715448573046098,1.0012556511407866,0.13092088973302168,0.1548738963863253,0.15580725226435038,1.1358644622803387,-0.03270826085191704,0.15619692278258354,0.15715448573046098,1.0012556511407866,0.16362915058493865,0.16396532957978813,0.1650735637899808,1.2029856106812569,0.005621847722932886,0.005621799929685811,0.0
heterogeneous K,Lagging Darcy with leakage,12,-0.06900969561604729,0.19909048781545904,0.2010797147605201,1.0012572193409492,0.11420327308688827,0.15876370593926176,0.15976942552457293,1.1044056957920125,-0.06900969561604729,0.19909048781545904,0.2010797147605201,1.0012572193409492,0.18321296870293557,0.1845359843428858,0.18611821250244132,1.2029891244006579,0.004655622866990849,0.004655597621907288,0.08333333333333333
heterogeneous leakage boundary,Theis confined,8,0.7422944091089754,0.309259361432124,0.31680333085392465,2.097787950938625,0.250438138420466,0.29478597734001705,0.3013075778904052,1.2178743231352902,0.7422944091089754,0.309259361432124,0.31680333085392465,2.097787950938625,-0.4918562706885093,0.17031191613905752,0.17155443508949425,0.614903890247805,0.03987926439005421,0.03986292719209035,0.0
heterogeneous leakage boundary,Hantush-Jacob leaky,8,0.634739224326156,0.23103104036018984,0.23414843737234214,1.883704182623318,0.1856753892898613,0.2397657049535623,0.24325322138168562,1.1638572552872437,0.634739224326156,0.23103104036018984,0.23414843737234214,1.883704182623318,-0.44906383503629477,0.1693869643601438,0.17060926873688737,0.6657748759101599,0.025657290130083367,0.025652968759789587,0.375
heterogeneous leakage boundary,Lagging Darcy no-leakage,8,0.9245396209725171,0.7178687327567301,0.8210969071710507,1.969074728880282,-0.04886024206498951,0.45402402324940194,0.4784585192831508,1.0960876665228543,0.9245396209725171,0.7178687327567301,0.8210969071710507,1.969074728880282,-0.9733998630375065,1.1036156891919933,1.5428255145836354,0.6031621349314776,0.02176899423108037,0.021766225950699547,0.0
heterogeneous leakage boundary,Lagging Darcy with leakage,8,0.3838993176326615,0.21108253878805122,0.2134557505356129,1.4941400034357613,0.11679765417347611,0.2161308683938861,0.218679610588702,1.1735302502895022,0.3838993176326615,0.21108253878805122,0.2134557505356129,1.4941400034357613,-0.26710166345918535,0.1527775199682986,0.15367336415509028,0.7687035111204725,0.002185822907798011,0.0021858201002016783,0.0
