scenario_id,scenario_class,well,radius_m,pathway,truth_T_ref_m2_s,truth_S_ref,T_fit_m2_s,S_fit,tau_q_fit_s,tau_s_fit_s,leakage_B_fit_m,lnM_T,lnM_S,lnM_capacity,lnM_response_time,bias_eta,sd_eta,cov_response_model_factor,rmse_m,aic,bic,parameter_count,boundary_hit
mf6_homogeneous_00,homogeneous confined,R20E,20.0,Theis confined,5e-05,0.001,5.983426307696963e-05,0.000937510046598566,,,,0.17955545260220782,-0.06452780482318739,0.17955545260220782,-0.24408325742539513,0.034532558098954315,0.13030465743517808,0.13085973960117944,0.026313793538641758,-109.17108199226801,-106.50667297191761,2,False
mf6_homogeneous_00,homogeneous confined,R20E,20.0,Hantush-Jacob leaky,5e-05,0.001,5.803418648336266e-05,0.0009248279964386399,,,99999.99999999806,0.14900925360422237,-0.07814750855658369,0.14900925360422237,-0.22715676216080605,0.035978760901050476,0.13957760696492658,0.14026018374644997,0.03503251204506952,-103.42403487505773,-99.42742134453212,3,True
mf6_homogeneous_00,homogeneous confined,R20E,20.0,Lagging Darcy no-leakage,5e-05,0.001,5.144588694488968e-05,0.0010178683159907647,10.995711267353354,68.79075738694402,,0.02850751089421417,0.017710554152886547,0.02850751089421417,-0.010796956741327697,0.0009309633714601472,0.012089707691120393,0.012090149465615294,0.002819886984594669,-240.10908438827903,-234.78026634757822,4,False
mf6_homogeneous_00,homogeneous confined,R20E,20.0,Lagging Darcy with leakage,5e-05,0.001,5.1446303409146096e-05,0.001017860215849851,10.98255398185142,68.77052797064597,23051.801293324916,0.028515606051970937,0.01770259617539896,0.028515606051970937,-0.010813009876571992,0.0009295200106382966,0.012090179993140797,0.012090621819406806,0.0028216430428057767,-238.10744026689335,-231.44641771601732,5,False
mf6_homogeneous_00,homogeneous confined,R50E,50.0,Theis confined,5e-05,0.001,5.9353154612625185e-05,0.0010107743358118953,,,,0.17148226691295754,0.010716706233211132,0.17148226691295754,-0.16076556067974632,0.010176548570871748,0.05646938818110879,0.05651443538233934,0.00799452044007463,-157.0379622712763,-154.3735532509259,2,False
mf6_homogeneous_00,homogeneous confined,R50E,50.0,Hantush-Jacob leaky,5e-05,0.001,5.9292222475440936e-05,0.0010102325837614131,,,99999.99999956232,0.17045513641640306,0.010180585294473589,0.17045513641640306,-0.1602745511219293,0.010208860474517757,0.05672174042759701,0.056767394528660614,0.008123804987345676,-154.7906137398304,-150.79400020930478,3,True
mf6_homogeneous_00,homogeneous confined,R50E,50.0,Lagging Darcy no-leakage,5e-05,0.001,5.201022870567305e-05,0.0010314499977336499,417.2236497563637,649.5087994095011,,0.039417399687544485,0.030965577059633154,0.039417399687544485,-0.008451822627911375,0.0005410392464729568,0.005020969337016465,0.00502100098201006,0.000872284518262262,-289.15455592150704,-283.82573788080623,4,False
mf6_homogeneous_00,homogeneous confined,R50E,50.0,Lagging Darcy with leakage,5e-05,0.001,5.2009925673090625e-05,0.0010314517914855215,417.2973776896094,649.6036238239486,99724.9963842154,0.0394115732669967,0.030967316116607243,0.0394115732669967,-0.008444257150389557,0.0005413857250294033,0.005020954095544237,0.005020985740248559,0.0008720645262986194,-287.15429706328985,-280.49327451241385,5,False
mf6_homogeneous_00,homogeneous confined,R100E,100.0,Theis confined,5e-05,0.001,6.404492039626778e-05,0.0010675263194355816,,,,0.2475617129198032,0.06534412102568356,0.2475617129198032,-0.18221759189411973,0.006363308251413172,0.0369735602524536,0.03698619997435253,0.002643641370003877,-180.8340890372778,-178.1696800169274,2,False
mf6_homogeneous_00,homogeneous confined,R100E,100.0,Hantush-Jacob leaky,5e-05,0.001,6.404454466093381e-05,0.0010675226512786155,,,99999.99996921717,0.24755584615575976,0.06534068489188383,0.24755584615575976,-0.18221516126387577,0.006363432740805205,0.03697448899408022,0.0369871296686801,0.0026438213788482373,-178.83269165789693,-174.8360781273713,3,True
mf6_homogeneous_00,homogeneous confined,R100E,100.0,Lagging Darcy no-leakage,5e-05,0.001,5.343493540939519e-05,0.0010383011887973971,1606.4718666312306,2338.741703348702,,0.06644174777836032,0.037585905272582425,0.06644174777836032,-0.02885584250577788,0.0002259304284684901,0.0025908487479810883,0.002590853095759653,0.00022259594156037792,-326.3214569881879,-320.9926389474871,4,False
mf6_homogeneous_00,homogeneous confined,R100E,100.0,Lagging Darcy with leakage,5e-05,0.001,5.3434378141356895e-05,0.001038300315525297,1606.8095551709473,2339.161181124462,99845.64918183556,0.06643131881573705,0.037585064213670936,0.06643131881573705,-0.028846254602066006,0.00022621568012616222,0.002590838362793237,0.002590842710515488,0.0002225105963522664,-324.32112614565136,-317.66010359477536,5,False
mf6_homogeneous_00,homogeneous confined,R100N,100.0,Theis confined,5e-05,0.001,6.404492420514733e-05,0.00106752635998666,,,,0.24756177239180222,0.06534415901170486,0.24756177239180222,-0.18221761338009715,0.006363307369459005,0.03697355177122122,0.03698619148442119,0.002643640456308383,-180.83410173140626,-178.16969271105586,2,False
mf6_homogeneous_00,homogeneous confined,R100N,100.0,Hantush-Jacob leaky,5e-05,0.001,6.404454848160687e-05,0.001067522691929316,,,99999.99996911397,0.24755590581225295,0.06534072297135667,0.24755590581225295,-0.18221518284089624,0.006363431863210777,0.036974480512210396,0.036987121178109685,0.002643820469683957,-178.83270435150274,-174.83609082097712,3,True
mf6_homogeneous_00,homogeneous confined,R100N,100.0,Lagging Darcy no-leakage,5e-05,0.001,5.3434939610672434e-05,0.0010383011136246376,1606.4617457677314,2338.729488886636,,0.06644182640252333,0.03758583287281721,0.06644182640252333,-0.028855993529706195,0.00022590720969104647,0.0025908479206065028,0.0025908522683800684,0.00022259386046423002,-326.32151975921863,-320.9927017185178,4,False
mf6_homogeneous_00,homogeneous confined,R100N,100.0,Lagging Darcy with leakage,5e-05,0.001,5.343490515830571e-05,0.0010383009447371115,1606.4999223997547,2338.7738074841136,89253.20099564112,0.06644118164877075,0.0375856702152435,0.06644118164877075,-0.028855511433527336,0.0002259850509522494,0.002590859499446584,0.002590863847256509,0.0002226016734463549,-324.321120473846,-317.66009792297,5,False
mf6_leakage_00,vertical leakage,R20E,20.0,Theis confined,5e-05,0.001,6.791124239762055e-05,0.0010061745287612345,,,,0.30617858829711225,0.006155544464502574,0.30617858829711225,-0.30002304383260964,0.03060764801391334,0.11217071769177873,0.11252448490438914,0.014115781064791126,-117.44877680668242,-114.78436778633201,2,False
mf6_leakage_00,vertical leakage,R20E,20.0,Hantush-Jacob leaky,5e-05,0.001,6.587077041517846e-05,0.0009916784473770711,,,99999.99999998421,0.2756717931508728,-0.008356370033108908,0.2756717931508728,-0.28402816318398183,0.031837410755642864,0.1137762495303275,0.1141454538604907,0.012648640400454715,-114.54944327401279,-110.55282974348718,3,True
mf6_leakage_00,vertical leakage,R20E,20.0,Lagging Darcy no-leakage,5e-05,0.001,6.063685694852988e-05,0.0010739682516298713,0.18732175919210162,41.619411171855255,,0.19287990323896484,0.07136043478370022,0.19287990323896484,-0.12151946845526482,0.001956718329395124,0.0386846147427677,0.0386990921318596,0.018198944773929384,-175.07364742479754,-169.74482938409673,4,False
mf6_leakage_00,vertical leakage,R20E,20.0,Lagging Darcy with leakage,5e-05,0.001,5.331340460247864e-05,0.0010288552915840939,6.234181201021096,59.48345232050566,91.77995264608468,0.06416478760436829,0.028446816820772856,0.06416478760436829,-0.035717970783595336,0.0007337879791316269,0.009358415185506948,0.009358620091590301,0.0014750563943797667,-252.44318186784324,-245.7821593169672,5,False
mf6_leakage_00,vertical leakage,R50E,50.0,Theis confined,5e-05,0.001,8.002230290745286e-05,0.0012311297820339962,,,,0.4702823767352048,0.2079322697800078,0.4702823767352048,-0.2623501069551969,0.005486223364231135,0.04098758800363052,0.041004808636509384,0.006255713514472383,-175.39405426298202,-172.72964524263162,2,False
mf6_leakage_00,vertical leakage,R50E,50.0,Hantush-Jacob leaky,5e-05,0.001,7.415513475003387e-05,0.001172768968100757,,,176.13645907440457,0.3941363089043603,0.15936759213166438,0.3941363089043603,-0.23476871677269592,0.006716713227155499,0.036846868693775445,0.03685937890428684,0.0033467647917236323,-178.92482474270733,-174.9282112121817,3,False
mf6_leakage_00,vertical leakage,R50E,50.0,Lagging Darcy no-leakage,5e-05,0.001,7.715344333655148e-05,0.0012394862028614164,2.426443069494906,54.4240773328052,,0.43377320409667847,0.21469694121809918,0.43377320409667847,-0.2190762628785793,0.0005956927967964967,0.03589003295117751,0.03590159349145152,0.007361990261635047,-179.33885264859995,-174.01003460789914,4,False
mf6_leakage_00,vertical leakage,R50E,50.0,Lagging Darcy with leakage,5e-05,0.001,5.638628719745856e-05,0.0010707533885317248,306.3175202826121,487.41340050290665,90.52291398140832,0.12020298871697663,0.06836250214221386,0.12020298871697663,-0.051840486574762784,0.00026096890548010733,0.002153704574806877,0.002153707072286361,0.00021032289575559788,-334.4668540895011,-327.8058315386251,5,False
mf6_leakage_00,vertical leakage,R100E,100.0,Theis confined,5e-05,0.001,0.00011796220347498594,0.0016712145166289743,,,,0.8583412581934454,0.513550617573004,0.8583412581934454,-0.34479064062044146,0.001330427959352194,0.024904226105580542,0.024908088132337275,0.001673331300993414,-203.7277429698176,-201.0633339494672,2,False
mf6_leakage_00,vertical leakage,R100E,100.0,Hantush-Jacob leaky,5e-05,0.001,9.727769485619038e-05,0.0014596876682814197,,,158.8566476809946,0.6655467165405192,0.3782224870002058,0.6655467165405192,-0.2873242295403135,0.0029970876788442606,0.016967669642551437,0.016968890971521728,0.0006087347124588861,-222.4076361166904,-218.4110225861648,3,False
mf6_leakage_00,vertical leakage,R100E,100.0,Lagging Darcy no-leakage,5e-05,0.001,0.00011735613739370333,0.0016710629546210667,0.7352819647224805,22.786545623158265,,0.8531902154050294,0.5134599237216915,0.8531902154050294,-0.33973029168333796,0.0010379888478761969,0.025430491921253597,0.02543460401310451,0.001707174813428186,-198.59111589313898,-193.26229785243817,4,False
mf6_leakage_00,vertical leakage,R100E,100.0,Lagging Darcy with leakage,5e-05,0.001,6.479982728783447e-05,0.001172740217017281,1112.44121664478,1620.868049347272,93.78294275073554,0.2592799326153345,0.15934307627501385,0.2592799326153345,-0.09993685634032072,2.356750759430215e-05,0.0004807389233923541,0.00048073895118460014,1.737608728480816e-05,-418.79902400901653,-412.13800145814054,5,False
mf6_leakage_00,vertical leakage,R100N,100.0,Theis confined,5e-05,0.001,0.0001179622115535836,0.0016712145848402037,,,,0.8583413266780714,0.5135506583883674,0.8583413266780714,-0.34479066828970395,0.0013304269315173886,0.024904238361656384,0.0249081003941176,0.0016733321416395775,-203.72771561962304,-201.06330659927264,2,False
mf6_leakage_00,vertical leakage,R100N,100.0,Hantush-Jacob leaky,5e-05,0.001,9.72776861719608e-05,0.001459687565789936,,,158.85658004747964,0.6655466272679477,0.37822241678553614,0.6655466272679477,-0.2873242104824115,0.0029970879729136575,0.016967672137894636,0.01696889346740321,0.0006087347374212485,-222.40762796698115,-218.41101443645553,3,False
mf6_leakage_00,vertical leakage,R100N,100.0,Lagging Darcy no-leakage,5e-05,0.001,0.00011723551330289246,0.0016709119586978873,45.32695975426195,71.13247161940622,,0.8521618403449346,0.5133695604322004,0.8521618403449346,-0.33879227991273436,0.0009752557593824847,0.025438971037606492,0.02544308724439824,0.0017145950889837047,-198.57813720845,-193.24931916774918,4,False
mf6_leakage_00,vertical leakage,R100N,100.0,Lagging Darcy with leakage,5e-05,0.001,6.479998359150005e-05,0.001172741609035776,1112.4189001014702,1620.840270620656,93.78312395601529,0.259282344712459,0.15934426325372283,0.259282344712459,-0.09993808145873624,2.3560354711443975e-05,0.00048073939952802323,0.0004807394273845705,1.7377973944488443e-05,-418.7990109316253,-412.1379883807493,5,False
mf6_leakage_01,vertical leakage,R20E,20.0,Theis confined,5e-05,0.001,8.379754532392675e-05,0.0011327097235876282,,,,0.5163807095536235,0.1246127476210107,0.5163807095536235,-0.39176796193261293,0.024689111002266725,0.11899132253275906,0.1194137652105559,0.027399395051590305,-115.00279364130101,-112.3383846209506,2,False
mf6_leakage_01,vertical leakage,R20E,20.0,Hantush-Jacob leaky,5e-05,0.001,7.629055855930794e-05,0.0010774185721781427,,,114.94436148075081,0.4225261841743615,0.07456796907576026,0.4225261841743615,-0.34795821509860125,0.027509308389206,0.10405821233135415,0.10434053729630165,0.012910005899486165,-119.77617406919326,-115.77956053866765,3,False
mf6_leakage_01,vertical leakage,R20E,20.0,Lagging Darcy no-leakage,5e-05,0.001,7.805985219919606e-05,0.001185432453274385,0.08465655268644419,26.294768677511097,,0.4454528628969097,0.17010764748493673,0.4454528628969097,-0.27534521541197304,0.0052319770795422604,0.09610114640112163,0.09632345776911537,0.03274546627453705,-124.10418688152043,-118.77536884081962,4,False
mf6_leakage_01,vertical leakage,R20E,20.0,Lagging Darcy with leakage,5e-05,0.001,5.4964140954068605e-05,0.0010424063306623725,3.717082583336466,54.51894007565243,50.94518770681157,0.09465798451790962,0.04153181997042948,0.09465798451790962,-0.05312616454748013,0.0006406825785294494,0.008022689540783317,0.008022818634698375,0.0007760879287547255,-261.0606892845422,-254.39966673366618,5,False
mf6_leakage_01,vertical leakage,R50E,50.0,Theis confined,5e-05,0.001,0.00013293921506723715,0.001719516844319026,,,,0.9778689887541167,0.5420433468986298,0.9778689887541167,-0.4358256418554869,-0.0011344710754271012,0.09585129795028294,0.09607187768869889,0.011314972757535548,-128.33183370020475,-125.66742467985435,2,False
mf6_leakage_01,vertical leakage,R50E,50.0,Hantush-Jacob leaky,5e-05,0.001,8.391445483663022e-05,0.0012881645812378572,,,68.33642267245784,0.5177748796968222,0.25321839998310847,0.5177748796968222,-0.2645564797137136,0.0056259916428336885,0.029796575089320553,0.029803189929945236,0.0014491449455739857,-190.75004844418382,-186.7534349136582,3,False
mf6_leakage_01,vertical leakage,R50E,50.0,Lagging Darcy no-leakage,5e-05,0.001,0.0003227005670271807,0.00034953007206664385,48755.11303669663,4486.390705089393,,1.864701850762347,-1.0511656779006298,1.864701850762347,-2.915867528662977,0.0018037257173758587,0.021800534834088572,0.021803125339209816,0.002592839497356943,-207.06618598007722,-201.7373679393764,4,False
mf6_leakage_01,vertical leakage,R50E,50.0,Lagging Darcy with leakage,5e-05,0.001,6.2666050176542e-05,0.0011436671844218525,247.94003755104572,399.7756693570799,52.3310814795516,0.22579683107693152,0.13423992792321485,0.22579683107693152,-0.09155690315371674,0.00013097275688137244,0.001052200377269322,0.0010522006684468357,6.940671436937512e-05,-374.55678464700276,-367.89576209612676,5,False
mf6_leakage_01,vertical leakage,R100E,100.0,Theis confined,5e-05,0.001,0.0003386105027789162,0.0035550593407509185,,,,1.9128274820382565,1.2683717553102423,1.9128274820382565,-0.6444557267280143,-0.005117152710318619,0.07599933185216246,0.07610920512506084,0.0020026943701242283,-141.20068291454825,-138.53627389419785,2,False
mf6_leakage_01,vertical leakage,R100E,100.0,Hantush-Jacob leaky,5e-05,0.001,0.00012934775936604122,0.0018562768647140964,,,69.28166204636334,0.9504815807967376,0.6185727960373966,0.9504815807967376,-0.33190878475934105,0.0020421495169890866,0.01076446179695347,0.010764773633822116,0.00013833450579782045,-247.75654927492673,-243.7599357444011,3,False
mf6_leakage_01,vertical leakage,R100E,100.0,Lagging Darcy no-leakage,5e-05,0.001,0.0010130573932897505,0.001095778289015097,73852.01926116264,7643.70904530878,,3.008705153967579,0.09146487701761101,3.008705153967579,-2.917240276949968,0.00039737586343466323,0.012254920745563912,0.012255380880403916,0.0003529004541071707,-239.4901329773404,-234.1613149366396,4,False
mf6_leakage_01,vertical leakage,R100E,100.0,Lagging Darcy with leakage,5e-05,0.001,8.94157702780938e-05,0.0014942896054673358,799.626013509602,1168.9680691077165,56.86276152897802,0.5812740625153986,0.40165091361931116,0.5812740625153986,-0.17962314889608755,-4.746835814448917e-05,0.0005435037086555519,0.0005435037487969544,1.3701526939325574e-05,-411.77622023633756,-405.11519768546157,5,False
mf6_leakage_01,vertical leakage,R100N,100.0,Theis confined,5e-05,0.001,0.0003386105164994089,0.0035550594148309736,,,,1.9128275225582412,1.2683717761481657,1.9128275225582412,-0.6444557464100755,-0.0051171532743362145,0.07599934102522363,0.07610921433793914,0.002002694557620106,-141.20067615813736,-138.53626713778695,2,False
mf6_leakage_01,vertical leakage,R100N,100.0,Hantush-Jacob leaky,5e-05,0.001,0.00012934774798349356,0.0018562767381819034,,,69.28165631373385,0.9504814927971602,0.6185727278728896,0.9504814927971602,-0.3319087649242706,0.002042149817713976,0.01076446448562839,0.010764776322721948,0.0001383345792124899,-247.75653549418314,-243.75992196365752,3,False
mf6_leakage_01,vertical leakage,R100N,100.0,Lagging Darcy no-leakage,5e-05,0.001,0.0010138857583740603,0.0010930867748389016,74069.10108195037,7642.066815073225,,3.0095225080504964,0.08900559747847699,3.0095225080504964,-2.9205169105720192,0.00039610702709694495,0.012254980635693661,0.012255440777279051,0.0003529268215953171,-239.49005404831505,-234.16123600761424,4,False
mf6_leakage_01,vertical leakage,R100N,100.0,Lagging Darcy with leakage,5e-05,0.001,8.94198952205227e-05,0.001494330535282075,799.3354952052306,1168.6176999277816,56.864031414298445,0.5813201936091951,0.40167830406226757,0.5813201936091951,-0.17964188954692756,-4.759393166641408e-05,0.0005434912150074451,0.0005434912552067983,1.3693144365039614e-05,-411.7763331931012,-405.1153106422252,5,False
mf6_boundary_00,constant head boundary,R20E,20.0,Theis confined,5e-05,0.001,5.983520531304692e-05,0.0009375173263544747,,,,0.17957119991169251,-0.06452003986357795,0.17957119991169251,-0.24409123977527056,0.034531933240214696,0.13029976819163455,0.130854787729653,0.02630530448180009,-109.17310938299956,-106.50870036264915,2,False
mf6_boundary_00,constant head boundary,R20E,20.0,Hantush-Jacob leaky,5e-05,0.001,5.803512309125563e-05,0.0009248350286595834,,,99999.99999999824,0.14902539237331505,-0.07813990477054464,0.14902539237331505,-0.22716529714385983,0.03597805407201369,0.13956994408876844,0.14025240815043044,0.035021305713537045,-103.42698210819269,-99.43036857766708,3,True
mf6_boundary_00,constant head boundary,R20E,20.0,Lagging Darcy no-leakage,5e-05,0.001,5.144790136233971e-05,0.0010178604814976727,10.965058815015963,68.74352713065366,,0.028546666172359406,0.017702857161910387,0.028546666172359406,-0.010843809010448903,0.0009272322004256183,0.012083882859167443,0.012084323995410868,0.002813192159138419,-240.13727703952165,-234.80845899882084,4,False
mf6_boundary_00,constant head boundary,R20E,20.0,Lagging Darcy with leakage,5e-05,0.001,5.1448407306394e-05,0.0010178516997413607,10.942358379212578,68.71124709904062,34837.407059249694,0.02855650022881557,0.017694229462579508,0.02855650022881557,-0.010862270766236273,0.0009240337032788241,0.012084303459987792,0.012084744642299642,0.0028147978497980895,-238.13651000250786,-231.47548745163184,5,False
mf6_boundary_00,constant head boundary,R50E,50.0,Theis confined,5e-05,0.001,5.935701719032156e-05,0.001010811346884882,,,,0.17154734267923902,0.010753322116779894,0.17154734267923902,-0.16079402056245912,0.01017486133605826,0.05645033859399836,0.05649534020127733,0.007981336191543358,-157.05654356209587,-154.39213454174546,2,False
mf6_boundary_00,constant head boundary,R50E,50.0,Hantush-Jacob leaky,5e-05,0.001,5.929609243313797e-05,0.0010102695932223274,,,99999.9999995513,0.17052040351630898,0.010217219217802222,0.17052040351630898,-0.16030318429850665,0.010207154934688772,0.056702205387591735,0.05674781231384738,0.008110371351125491,-154.80958063034055,-150.81296709981493,3,True
mf6_boundary_00,constant head boundary,R50E,50.0,Lagging Darcy no-leakage,5e-05,0.001,5.20175274372583e-05,0.0010314730508278666,416.7271942312774,648.8083674119533,,0.03955772246038592,0.030987926990944395,0.03955772246038592,-0.008569795469441591,0.0005397156724864012,0.004996341747551769,0.004996372929178309,0.0008593357097918238,-289.42826060645183,-284.099442565751,4,False
mf6_boundary_00,constant head boundary,R50E,50.0,Lagging Darcy with leakage,5e-05,0.001,5.201619021187903e-05,0.0010314783308670555,417.05621301837374,649.2250531328448,24756.56942362404,0.039532014922299935,0.030993045908661625,0.039532014922299935,-0.008538969013638353,0.0005413030746160928,0.0049965420992341015,0.0049965732845944875,0.0008586057871587446,-287.424069972467,-280.763047421591,5,False
mf6_boundary_00,constant head boundary,R100E,100.0,Theis confined,5e-05,0.001,6.408293014046058e-05,0.0010679170171484294,,,,0.24815502257338096,0.06571003822003271,0.24815502257338096,-0.18244498435334824,0.006352746267549545,0.03685357511274042,0.036866092156653076,0.002615366882008947,-181.0134571992916,-178.3490481789412,2,False
mf6_boundary_00,constant head boundary,R100E,100.0,Hantush-Jacob leaky,5e-05,0.001,6.408255111275385e-05,0.0010679133319170576,,,99999.99998076243,0.24814910791206926,0.06570658735477701,0.24814910791206926,-0.18244252055729213,0.006352876418116083,0.03685449535380275,0.036867013335576536,0.002615544945951164,-179.012066390024,-175.01545285949837,3,True
mf6_boundary_00,constant head boundary,R100E,100.0,Lagging Darcy no-leakage,5e-05,0.001,5.35231220094973e-05,0.0010388268304226274,1590.6096955750145,2316.713053773792,,0.06809074220128057,0.03809202875807494,0.06809074220128057,-0.029998713443205448,0.00021870729632101517,0.0024632214567514095,0.0024632251931091557,0.00020052509699448187,-329.1422849618827,-323.8134669211819,4,False
mf6_boundary_00,constant head boundary,R100E,100.0,Lagging Darcy with leakage,5e-05,0.001,5.352372609507947e-05,0.001038827011417503,1590.2126792165857,2316.2195355616204,81904.03856265958,0.0681020285790277,0.03809220298813376,0.0681020285790277,-0.030009825590893876,0.00021838588966820462,0.002463273863347287,0.0024632775999781386,0.00020063964501988642,-327.1417700455124,-320.4807474946364,5,False
mf6_boundary_00,constant head boundary,R100N,100.0,Theis confined,5e-05,0.001,6.408292984887817e-05,0.0010679170141026006,,,,0.24815501802330167,0.06571003536791158,0.24815501802330167,-0.18244498265539008,0.006352746348865758,0.03685357590022318,0.03686609294494077,0.0026153670366204887,-181.013456017033,-178.3490469966826,2,False
mf6_boundary_00,constant head boundary,R100N,100.0,Hantush-Jacob leaky,5e-05,0.001,6.4082550836801e-05,0.0010679133290213381,,,99999.99998091058,0.24814910360586037,0.06570658464320916,0.24814910360586037,-0.1824425189626512,0.006352876516389621,0.03685449613828454,0.03686701412085719,0.002615545106941991,-179.01206520774997,-175.01545167722435,3,True
mf6_boundary_00,constant head boundary,R100N,100.0,Lagging Darcy no-leakage,5e-05,0.001,5.3523265317535603e-05,0.0010388269782337879,1590.5060755382535,2316.5864832444036,,0.06809341969543745,0.03809217104468671,0.06809341969543745,-0.03000124865075085,0.0002186161182251202,0.0024632305776964136,0.00246323431411755,0.0002005496029951253,-329.1422685623301,-323.8134505216293,4,False
mf6_boundary_00,constant head boundary,R100N,100.0,Lagging Darcy with leakage,5e-05,0.001,5.352381581774172e-05,0.0010388268210431535,1590.1206062387205,2316.1079207612374,95646.15692965721,0.06810370489332022,0.03809201972916499,0.06810370489332022,-0.030011685164155293,0.00021824907786062165,0.002463281749943051,0.002463285486618464,0.00020064564744965658,-327.14187576035226,-320.48085320947627,5,False
mf6_boundary_01,constant head boundary,R20E,20.0,Theis confined,5e-05,0.001,6.254993058252353e-05,0.0009609727342373487,,,,0.22394212169236813,-0.03980924269598049,0.22394212169236813,-0.2637513643883487,0.03312423592153279,0.12156506721816146,0.12201557716887286,0.01791864046532885,-112.95048882227822,-110.28607980192781,2,False
mf6_boundary_01,constant head boundary,R20E,20.0,Hantush-Jacob leaky,5e-05,0.001,6.067099780338249e-05,0.0009476828709901137,,,99999.99999961366,0.1934427827956737,-0.05373535696487308,0.1934427827956737,-0.2471781397605469,0.034490308688915366,0.12848392568186728,0.12901601084993086,0.02472366531639811,-107.9096501156788,-103.9130365851532,3,True
mf6_boundary_01,constant head boundary,R20E,20.0,Lagging Darcy no-leakage,5e-05,0.001,5.4682712284237325e-05,0.0010348510254068067,1.7342300878934063,51.15617835400868,,0.0895246080547246,0.0342574795524186,0.0895246080547246,-0.05526712850230591,0.0005956374376659596,0.013690280621770759,0.013690922117867425,0.006333429709006337,-233.26325416999646,-227.93443612929565,4,False
mf6_boundary_01,constant head boundary,R20E,20.0,Lagging Darcy with leakage,5e-05,0.001,5.285699883829218e-05,0.0010254568176788416,7.076387558511382,61.134220508596606,189.62078375737622,0.05556712647014005,0.025138189090652824,0.05556712647014005,-0.0304289373794873,0.0007704869150092143,0.009857967095155417,0.009858206598118273,0.0018883407930085838,-249.532089404967,-242.87106685409097,5,False
mf6_boundary_01,constant head boundary,R50E,50.0,Theis confined,5e-05,0.001,6.585610468055238e-05,0.001082595668293515,,,,0.27544912431923124,0.0793615541659325,0.27544912431923124,-0.19608757015329886,0.008471954720145917,0.043313827251071295,0.04333415032739892,0.0032959647789669072,-171.72875453679916,-169.06434551644875,2,False
mf6_boundary_01,constant head boundary,R50E,50.0,Hantush-Jacob leaky,5e-05,0.001,6.578798055972642e-05,0.001081982527540623,,,99999.99995566251,0.27441414995205515,0.07879503199503488,0.27441414995205515,-0.19561911795702036,0.008499601529706668,0.043397248893407736,0.04341768965247325,0.0033153987160407044,-169.61814913825162,-165.621535607726,3,True
mf6_boundary_01,constant head boundary,R50E,50.0,Lagging Darcy no-leakage,5e-05,0.001,6.0520711178715896e-05,0.001096707802406079,156.11573205991772,283.30163791222895,,0.19096263455838958,0.09231278519847336,0.19096263455838958,-0.09864984935991619,-8.292446929153331e-05,0.010058026849690671,0.01005828123237215,0.0026813675336484553,-250.58183957445044,-245.25302153374963,4,False
mf6_boundary_01,constant head boundary,R50E,50.0,Lagging Darcy with leakage,5e-05,0.001,5.491762163364822e-05,0.0010543706713737801,324.60102567282934,515.0938532893232,174.473846809239,0.09381126851874634,0.05294406891432073,0.09381126851874634,-0.040867199604425655,0.00030714404193177356,0.002687255175411195,0.0026872600268124437,0.00037603740093745096,-322.1186685560137,-315.4576460051377,5,False
mf6_boundary_01,constant head boundary,R100E,100.0,Theis confined,5e-05,0.001,7.914840043386109e-05,0.0012478998896028148,,,,0.45930157139410965,0.22146205006529604,0.45930157139410965,-0.23783952132881356,0.004504340055279267,0.022864350994166453,0.022867339567691946,0.0007312385260178208,-207.49132471068296,-204.82691569033256,2,False
mf6_boundary_01,constant head boundary,R100E,100.0,Hantush-Jacob leaky,5e-05,0.001,7.914786631974814e-05,0.0012478948288134606,,,99999.99989793375,0.45929482310971964,0.22145799461208354,0.45929482310971964,-0.2378368284976362,0.0045044626450708395,0.02286473153216088,0.022867720254918095,0.0007312872172952023,-205.49036978725815,-201.49375625673252,3,True
mf6_boundary_01,constant head boundary,R100E,100.0,Lagging Darcy no-leakage,5e-05,0.001,7.265532807008498e-05,0.0012328616895939369,353.40638173236744,646.7256293510384,,0.37370372078521613,0.2093380440004948,0.37370372078521613,-0.16436567678472133,-0.00021548038953128574,0.006226117012132431,0.006226177350745946,0.0006283627387345667,-277.40767045601234,-272.07885241531153,4,False
mf6_boundary_01,constant head boundary,R100E,100.0,Lagging Darcy with leakage,5e-05,0.001,5.990776095912258e-05,0.0011080119802571989,1198.2233665275787,1751.8555496244944,176.529343861009,0.18078305656121516,0.10256740077313448,0.18078305656121516,-0.07821565578808073,5.572104028571508e-05,0.0008415328721786971,0.0008415330211670417,5.3955892564407144e-05,-387.3872636144383,-380.7262410635623,5,False
mf6_boundary_01,constant head boundary,R100N,100.0,Theis confined,5e-05,0.001,7.914839996174236e-05,0.0012478998850153364,,,,0.45930156542912826,0.22146204638913705,0.45930156542912826,-0.23783951903999126,0.004504340147941289,0.022864351529828752,0.022867340103564317,0.0007312385988286561,-207.4913234049123,-204.8269143845619,2,False
mf6_boundary_01,constant head boundary,R100N,100.0,Hantush-Jacob leaky,5e-05,0.001,7.914786585419316e-05,0.001247894824280696,,,99999.999898151,0.4592948172276284,0.22145799097975452,0.4592948172276284,-0.23783682624787378,0.004504462741740071,0.022864732067116054,0.022867720790082428,0.0007312872918487572,-205.49036848124715,-201.49375495072152,3,True
mf6_boundary_01,constant head boundary,R100N,100.0,Lagging Darcy no-leakage,5e-05,0.001,7.266073378022213e-05,0.0012328659897747562,348.9311803742489,641.7815149583795,,0.3737781201333794,0.20934153196135535,0.3737781201333794,-0.16443658817202386,-0.00021977327856798081,0.006225981932896498,0.006226042267588934,0.0006277924127606111,-277.4074860061338,-272.078667965433,4,False
mf6_boundary_01,constant head boundary,R100N,100.0,Lagging Darcy with leakage,5e-05,0.001,5.990621329224485e-05,0.0011079957900145757,1198.283539968533,1751.9497322486318,176.51659259137685,0.18075722206423783,0.10255278869203938,0.18075722206423783,-0.07820443337219851,5.572159653145635e-05,0.0008415330949972463,0.0008415332439944762,5.390295053275209e-05,-387.387246323821,-380.726223772945,5,False
mf6_heterogeneous_00,heterogeneous K,R20E,20.0,Theis confined,5.4836391505373735e-05,0.001,6.475937505834536e-05,0.0008603685938645417,,,,0.16632442652808707,-0.15039438403935504,0.16632442652808707,-0.31671881056744206,0.03909245238685678,0.1486563452981537,0.14948141727241038,0.032973419837223024,-101.82160600600533,-99.15719698565492,2,False
mf6_heterogeneous_00,heterogeneous K,R20E,20.0,Hantush-Jacob leaky,5.4836391505373735e-05,0.001,6.239250510473901e-05,0.0008469994128013331,,,99999.99999999967,0.12909110554397604,-0.1660552775991151,0.12909110554397604,-0.295146383143091,0.04101323004212902,0.16113279721425475,0.16218438078889805,0.04296807484688713,-95.42708426592912,-91.43047073540352,3,True
mf6_heterogeneous_00,heterogeneous K,R20E,20.0,Lagging Darcy no-leakage,5.4836391505373735e-05,0.001,5.452059225805372e-05,0.0009524369551173898,14.394330043522649,76.93056476281933,,-0.0057755822134754765,-0.048731363024993896,-0.0057755822134754765,-0.042955780811518414,0.0009437407031711673,0.023263056100593878,0.02326620377119701,0.0070733799750776,-203.58031629406108,-198.25149825336027,4,False
mf6_heterogeneous_00,heterogeneous K,R20E,20.0,Lagging Darcy with leakage,5.4836391505373735e-05,0.001,5.4521074122746436e-05,0.0009524328013736507,14.384932180374168,76.91574595027076,48324.095891238234,-0.005766744037964998,-0.048735724208980286,-0.005766744037964998,-0.04296898017101538,0.0009433724618338217,0.023263185914432293,0.023266333637732443,0.007074852146336619,-201.58004155533354,-194.9190190044575,5,False
mf6_heterogeneous_00,heterogeneous K,R50E,50.0,Theis confined,5.4836391505373735e-05,0.001,7.015231651270583e-05,0.0012608896435514362,,,,0.24631477616329525,0.23181753812650222,0.24631477616329525,-0.014497238036792903,0.011048083533757833,0.06385223735781005,0.06391737579345548,0.008859478008139705,-150.2284918573903,-147.5640828370399,2,False
mf6_heterogeneous_00,heterogeneous K,R50E,50.0,Hantush-Jacob leaky,5.4836391505373735e-05,0.001,7.008529359063495e-05,0.0012602937644995529,,,99999.99999990391,0.24535892805486817,0.23134484021719837,0.24535892805486817,-0.014014087837669768,0.011080801363920414,0.06410858654388091,0.06417451312290755,0.008954529890458387,-148.00588555126862,-144.009272020743,3,True
mf6_heterogeneous_00,heterogeneous K,R50E,50.0,Lagging Darcy no-leakage,5.4836391505373735e-05,0.001,5.916090900013866e-05,0.001297086574130139,668.2321600296218,1041.3458193206245,,0.07590695072187793,0.2601206526287375,0.07590695072187793,0.1842137019068596,0.0010394772298825319,0.010526218977503148,0.010526510563887623,0.0018433579278363326,-247.75417362099557,-242.42535558029476,4,False
mf6_heterogeneous_00,heterogeneous K,R50E,50.0,Lagging Darcy with leakage,5.4836391505373735e-05,0.001,5.916056921357344e-05,0.0012970851261562954,668.2696588927257,1041.3967527782359,33348.8934039863,0.075901207274951,0.26011953630028223,0.075901207274951,0.18421832902533125,0.0010393058287611532,0.010526422721455233,0.010526714324766545,0.0018432929875512784,-245.75319299208192,-239.0921704412059,5,False
mf6_heterogeneous_00,heterogeneous K,R100E,100.0,Theis confined,5.4836391505373735e-05,0.001,7.117459940294467e-05,0.0011212289945690917,,,,0.2607819526922981,0.1144254002747769,0.2607819526922981,-0.14635655241752102,0.00804808097491667,0.048027157066375635,0.04805486533357273,0.0034816993399878365,-166.22991965894585,-163.56551063859544,2,False
mf6_heterogeneous_00,heterogeneous K,R100E,100.0,Hantush-Jacob leaky,5.4836391505373735e-05,0.001,7.117398960341627e-05,0.0011212236332988439,,,99999.99999956002,0.26077338499896624,0.11442061866184013,0.26077338499896624,-0.14635276633712616,0.00804828977524324,0.048028518264561164,0.048056228888524254,0.0034819233134255907,-164.22833631491616,-160.23172278439054,3,True
mf6_heterogeneous_00,heterogeneous K,R100E,100.0,Lagging Darcy no-leakage,5.4836391505373735e-05,0.001,5.5292615329752455e-05,0.0010841277731332317,2024.0414978128263,3144.3085303448997,,0.008285309153842792,0.08077576796523381,0.008285309153842792,0.0724904588113911,0.0005199358515887406,0.0047272305670847635,0.004727256976712584,0.00035928045327368146,-292.5164935205106,-287.1876754798098,4,False
mf6_heterogeneous_00,heterogeneous K,R100E,100.0,Lagging Darcy with leakage,5.4836391505373735e-05,0.001,5.529229984697317e-05,0.0010841272592287455,2024.1787988832186,3144.4950713351227,72189.4765869325,0.00827960344291871,0.08077529393936635,0.00827960344291871,0.07249569049644781,0.0005201298824861336,0.0047272328181921725,0.0047272592278739395,0.000359252346908456,-290.51620821128176,-283.85518566040577,5,False
mf6_heterogeneous_00,heterogeneous K,R100N,100.0,Theis confined,5.4836391505373735e-05,0.001,6.614661697281298e-05,0.0008594608336478006,,,,0.1875196953801783,-0.15145002396098722,0.1875196953801783,-0.33896971934116543,0.008634382460713795,0.05108892888080358,0.051122283545870874,0.00434253992725167,-162.75544368115231,-160.0910346608019,2,False
mf6_heterogeneous_00,heterogeneous K,R100N,100.0,Hantush-Jacob leaky,5.4836391505373735e-05,0.001,6.614523926402787e-05,0.0008594510326765279,,,99999.99999994157,0.18749886705673735,-0.15146142765359624,0.18749886705673735,-0.33896029471033334,0.008634936180621732,0.05109254416758192,0.05112590591670683,0.004343314697227755,-160.75149169321827,-156.75487816269265,3,True
mf6_heterogeneous_00,heterogeneous K,R100N,100.0,Lagging Darcy no-leakage,5.4836391505373735e-05,0.001,5.2616624998685393e-05,0.0008410686395373104,1572.304968773801,2454.3933194016818,,-0.04132191769702766,-0.173082005767333,-0.04132191769702766,-0.13176008807030537,0.0005030380160262036,0.004583942935376933,0.0045839670155399855,0.0004213744069280574,-294.24173768376403,-288.9129196430632,4,False
mf6_heterogeneous_00,heterogeneous K,R100N,100.0,Lagging Darcy with leakage,5.4836391505373735e-05,0.001,5.261653433732788e-05,0.0008410681716698135,1572.3110792227917,2454.404368816301,99410.25537377282,-0.041323640753867956,-0.17308256204491249,-0.041323640753867956,-0.13175892129104458,0.0005030276656643884,0.004583962425622403,0.004583986506107759,0.00042136184366801737,-292.2415167297101,-285.5804941788341,5,False
mf6_heterogeneous_01,heterogeneous K,R20E,20.0,Theis confined,6.853885944034237e-05,0.001,6.225800940229634e-05,0.0011003301692786129,,,,-0.09611368335399809,0.09561028865680607,-0.09611368335399809,0.19172397201080407,0.027596168136885698,0.1015542224476721,0.101816624682195,0.009356638934590126,-123.03337673089972,-120.36896771054931,2,False
mf6_heterogeneous_01,heterogeneous K,R20E,20.0,Hantush-Jacob leaky,6.853885944034237e-05,0.001,6.0715984800596543e-05,0.0010870157991142901,,,99999.99999978615,-0.12119387109076733,0.08343614263720883,-0.12119387109076733,0.20463001372797623,0.028578473671785138,0.10433669979303932,0.10462130100436616,0.012666605830802435,-119.48779204379204,-115.49117851326643,3,True
mf6_heterogeneous_01,heterogeneous K,R20E,20.0,Lagging Darcy no-leakage,6.853885944034237e-05,0.001,5.591100114981624e-05,0.0011643325029751534,0.3110613673170917,43.19353218687515,,-0.20363971418754714,0.15214796399442435,-0.20363971418754714,0.3557876781819714,0.0017157407822300426,0.02869681236587016,0.028702721386348138,0.01208080283135801,-191.7689649792545,-186.44014693855368,4,False
mf6_heterogeneous_01,heterogeneous K,R20E,20.0,Lagging Darcy with leakage,6.853885944034237e-05,0.001,5.092477120055322e-05,0.0011250634374469558,2.5698883185505794,53.62472959797037,103.85746462529089,-0.2970514062873501,0.11783942290833088,-0.2970514062873501,0.414890829195681,0.0005122854171257107,0.009758112184186037,0.009758344482491908,0.0036215197742587983,-250.19913366439454,-243.5381111135185,5,False
mf6_heterogeneous_01,heterogeneous K,R50E,50.0,Theis confined,6.853885944034237e-05,0.001,7.962451066153527e-05,0.0011920041292405451,,,,0.14992109281612356,0.17563603276513193,0.14992109281612356,0.0257149399490084,0.007142940412929429,0.03410762415530888,0.03411754616566873,0.002616193432289447,-184.9540159324435,-182.2896069120931,2,False
mf6_heterogeneous_01,heterogeneous K,R50E,50.0,Hantush-Jacob leaky,6.853885944034237e-05,0.001,7.951446979672511e-05,0.0011911409007691115,,,99999.9999999263,0.14853813960086998,0.17491158796775977,0.14853813960086998,0.026373448366889866,0.007181566993435438,0.03437628866675295,0.03438644703372372,0.0027767974693778106,-182.52059628846135,-178.52398275793573,3,True
mf6_heterogeneous_01,heterogeneous K,R50E,50.0,Lagging Darcy no-leakage,6.853885944034237e-05,0.001,7.465205732191164e-05,0.001206698312791814,97.04417424089189,191.48810012852843,,0.08543720765628927,0.18788796289623658,0.08543720765628927,0.10245075523994727,-0.00013287466353528618,0.004139659055521188,0.004139676790699975,0.0005067679999264573,-300.26833723637037,-294.93951919566956,4,False
mf6_heterogeneous_01,heterogeneous K,R50E,50.0,Lagging Darcy with leakage,6.853885944034237e-05,0.001,7.332492861519687e-05,0.001197847035186144,131.3297632898592,235.00401844893744,421.57930969741324,0.06749976580397642,0.18052580805700766,0.06749976580397642,0.11302604225303124,-5.9555471377978265e-05,0.0035440628804553932,0.0035440740091752273,0.0006334205292973842,-306.9890598366034,-300.3280372857274,5,False
mf6_heterogeneous_01,heterogeneous K,R100E,100.0,Theis confined,6.853885944034237e-05,0.001,9.440589551685523e-05,0.0011558227497927068,,,,0.3202026481911366,0.1448124278646966,0.3202026481911366,-0.17539022032643992,0.006739230728160907,0.04118172127885648,0.04119918782156735,0.002841687267922532,-174.8778859493349,-172.2134769289845,2,False
mf6_heterogeneous_01,heterogeneous K,R100E,100.0,Hantush-Jacob leaky,6.853885944034237e-05,0.001,9.440319381356761e-05,0.0011558054759113453,,,99999.99999590889,0.3201740298306818,0.14479748265753073,0.3201740298306818,-0.17537654717315102,0.006740005738142369,0.041187282275155605,0.041204755896300654,0.002842501402168939,-172.8703547829916,-168.87374125246598,3,True
mf6_heterogeneous_01,heterogeneous K,R100E,100.0,Lagging Darcy no-leakage,6.853885944034237e-05,0.001,7.714254015601426e-05,0.0011460715102023817,2160.917046894675,3094.259881109039,,0.1182540058865591,0.1363400161733178,0.1182540058865591,0.018086010286758554,0.0006404361949965288,0.006516369292286858,0.00651643846915319,0.0005135082164058422,-274.61173868637036,-269.28292064566955,4,False
mf6_heterogeneous_01,heterogeneous K,R100E,100.0,Lagging Darcy with leakage,6.853885944034237e-05,0.001,7.714241794582944e-05,0.0011460720762151923,2161.0065330302846,3094.3741351101608,99999.59593864258,0.11825242167269505,0.1363405100453544,0.11825242167269505,0.018088088372659333,0.0006406093801746355,0.006516370383679999,0.006516439560594501,0.0005135119473850215,-272.61157919459095,-265.95055664371495,5,True
mf6_heterogeneous_01,heterogeneous K,R100N,100.0,Theis confined,6.853885944034237e-05,0.001,6.518170161439814e-05,0.001139715604968568,,,,-0.05022209606221747,0.13077876195793803,-0.05022209606221747,0.18100085802015556,0.0037256313522954854,0.01827754168408688,0.01827906827820011,0.0006592137585240141,-219.95369651202245,-217.28928749167204,2,False
mf6_heterogeneous_01,heterogeneous K,R100N,100.0,Hantush-Jacob leaky,6.853885944034237e-05,0.001,6.51814406426944e-05,0.0011397127857223407,,,99999.99999900509,-0.050226099827380355,0.13077628831477478,-0.050226099827380355,0.18100238814215497,0.0037257025880941654,0.018277884180370577,0.01827941086031077,0.0006593180483194398,-217.95264627474188,-213.95603274421626,3,True
mf6_heterogeneous_01,heterogeneous K,R100N,100.0,Lagging Darcy no-leakage,6.853885944034237e-05,0.001,6.075322833880821e-05,0.0011257483195298802,216.36207484419594,449.15300504075816,,-0.12058065333103761,0.1184479874423828,-0.12058065333103761,0.23902864077342043,-0.000252551110108882,0.004121850360962102,0.004121867868222843,0.0003390116699603282,-300.430869250703,-295.1020512100022,4,False
mf6_heterogeneous_01,heterogeneous K,R100N,100.0,Lagging Darcy with leakage,6.853885944034237e-05,0.001,5.444394178704133e-05,0.0010562328504733444,786.1382563798046,1144.475524258596,227.79983453683062,-0.2302292942763823,0.05470866331918345,-0.2302292942763823,0.28493795759556567,-0.00011160233693548279,0.0013721364727884663,0.0013721371186414565,0.00012461285647314985,-359.9444921013156,-353.2834695504396,5,False
mf6_heterogeneous_02,heterogeneous K,R20E,20.0,Theis confined,4.556182768345335e-05,0.001,3.728494222680545e-05,0.0009791357881452465,,,,-0.20048070224906497,-0.021084945206324774,-0.20048070224906497,0.17939575704274027,0.03063058369962794,0.12872407187423998,0.12925915304063637,0.028209505777962364,-110.22531114302585,-107.56090212267544,2,False
mf6_heterogeneous_02,heterogeneous K,R20E,20.0,Hantush-Jacob leaky,4.556182768345335e-05,0.001,3.671964177494089e-05,0.0009715286066940411,,,99999.99999996733,-0.2157584436209827,-0.028884564695909002,-0.2157584436209827,0.1868738789250736,0.03126021645325957,0.13158896503156253,0.13216066260848752,0.03241327660427085,-106.99780011321607,-103.00118658269047,3,True
mf6_heterogeneous_02,heterogeneous K,R20E,20.0,Lagging Darcy no-leakage,4.556182768345335e-05,0.001,3.170194816552716e-05,0.0010416018298153478,23.49687505572661,100.37896095421782,,-0.36269211842063775,0.04075974920578959,-0.36269211842063775,0.4034518676264272,0.0010386894713808774,0.016838126745423072,0.01683932031291886,0.01213350208141139,-221.6181509376858,-216.289332896985,4,False
mf6_heterogeneous_02,heterogeneous K,R20E,20.0,Lagging Darcy with leakage,4.556182768345335e-05,0.001,2.969509543086838e-05,0.0010199863800232048,39.258294367453296,129.889932153776,115.73431813701582,-0.4280883585770497,0.01978927428860198,-0.4280883585770497,0.4478776328656516,0.0018436204532284888,0.008917951058010305,0.008918128371782791,0.001973886610086607,-254.106614479057,-247.44559192818096,5,False
mf6_heterogeneous_02,heterogeneous K,R50E,50.0,Theis confined,4.556182768345335e-05,0.001,4.128928263266101e-05,0.001121204793574852,,,,-0.0984672878701911,0.11440381569612099,-0.0984672878701911,0.21287110356631198,0.007912034948892258,0.04109536995470608,0.041112726828508896,0.003396447609909495,-174.70629178828034,-172.04188276792993,2,False
mf6_heterogeneous_02,heterogeneous K,R50E,50.0,Hantush-Jacob leaky,4.556182768345335e-05,0.001,4.1280679176972744e-05,0.0011210653697228947,,,99999.99996843221,-0.09867567977278732,0.1142794561479994,-0.09867567977278732,0.21295513592078674,0.007916912636186591,0.04110531421627902,0.04112268369614334,0.0033964665805888247,-172.69196625127807,-168.69535272075245,3,True
mf6_heterogeneous_02,heterogeneous K,R50E,50.0,Lagging Darcy no-leakage,4.556182768345335e-05,0.001,3.783008864685999e-05,0.0011211144336780803,111.07544505616399,257.03899074752394,,-0.18596547180382755,0.11432322066244108,-0.18596547180382755,0.3002886924662685,-0.0003082510250525114,0.011928613478718856,0.011929037827329425,0.0036351016277879275,-241.0125657635507,-235.6837477228499,4,False
mf6_heterogeneous_02,heterogeneous K,R50E,50.0,Lagging Darcy with leakage,4.556182768345335e-05,0.001,3.258701403093983e-05,0.0010409294981218997,395.6498772274436,642.064171219067,119.93047116578614,-0.3351563873373262,0.04011406219231012,-0.3351563873373262,0.37527044952963634,0.0001430646198799905,0.0011013164098723858,0.0011013167438327738,0.00019107986461979701,-371.962484450439,-365.301461899563,5,False
mf6_heterogeneous_02,heterogeneous K,R100E,100.0,Theis confined,4.556182768345335e-05,0.001,5.8291506667433935e-05,0.00136939140054321,,,,0.24638614576791634,0.3143664079591038,0.24638614576791634,0.0679802621911874,0.004800971404195479,0.026934927086770328,0.026939813082289384,0.0014734264889833474,-198.5131990886315,-195.8487900682811,2,False
mf6_heterogeneous_02,heterogeneous K,R100E,100.0,Hantush-Jacob leaky,4.556182768345335e-05,0.001,5.829146614568118e-05,0.0013693906293353523,,,99999.99999895268,0.24638545061060843,0.3143658447833204,0.24638545061060843,0.06798039417271176,0.004800952972383034,0.026935048674421494,0.02693993473611541,0.0014734501230831,-196.51296121873168,-192.51634768820605,3,True
mf6_heterogeneous_02,heterogeneous K,R100E,100.0,Lagging Darcy no-leakage,4.556182768345335e-05,0.001,4.9965873818237766e-05,0.001320049511450606,1546.6608380306832,2201.7193050638953,,0.09226999502632097,0.27766924456954833,0.09226999502632097,0.18539924954322737,-1.5415373751818493e-05,0.0002989421582825965,0.0002989421650478038,1.3651495626734134e-05,-447.39577348829505,-442.06695544759424,4,False
mf6_heterogeneous_02,heterogeneous K,R100E,100.0,Lagging Darcy with leakage,4.556182768345335e-05,0.001,4.996565378703679e-05,0.0013200453016855576,1546.625746822691,2201.683053312599,30156.040692553357,0.09226559138702407,0.27766605546813605,0.09226559138702407,0.18540046408111188,-1.544050597828147e-05,0.0002989482705224183,0.00029894827722128824,1.3640314316205245e-05,-445.3943803952269,-438.7333578443509,5,False
mf6_heterogeneous_02,heterogeneous K,R100N,100.0,Theis confined,4.556182768345335e-05,0.001,6.349418572465403e-05,0.0016010052171260098,,,,0.33187808457389956,0.4706316926763574,0.33187808457389956,0.13875360810245774,0.005224722989091221,0.029327582395821776,0.029333889741354195,0.0014361778750905036,-193.7482716468085,-191.08386262645809,2,False
mf6_heterogeneous_02,heterogeneous K,R100N,100.0,Hantush-Jacob leaky,4.556182768345335e-05,0.001,6.349413945859915e-05,0.0016010043899627143,,,99999.99999989787,0.3318773559076256,0.47063117602375665,0.3318773559076256,0.13875382011613094,0.005224725171132568,0.029327663343387093,0.029333970741153893,0.0014361891078329895,-191.74812126036466,-187.75150772983903,3,True
mf6_heterogeneous_02,heterogeneous K,R100N,100.0,Lagging Darcy no-leakage,4.556182768345335e-05,0.001,5.279376585044294e-05,0.0015286599165219871,1809.19409779658,2652.0184635123974,,0.14732285898565872,0.4243914800504751,0.14732285898565872,0.27706862106481633,4.704481246744595e-05,0.0005932159183095591,0.0005932159705002877,1.5614124780717964e-05,-408.9135845750546,-403.5847665343538,4,False
mf6_heterogeneous_02,heterogeneous K,R100N,100.0,Lagging Darcy with leakage,4.556182768345335e-05,0.001,5.279260626448503e-05,0.0015286407422443547,1809.3200380529393,2652.1924776152305,15679.748355665235,0.14730089429580842,0.42437893677797894,0.14730089429580842,0.27707804248217044,4.7085977153923064e-05,0.0005933747367106935,0.0005933747890191047,1.561249426865355e-05,-406.89837363713565,-400.23735108625965,5,False
mf6_combined_00,heterogeneous leakage boundary,R20E,20.0,Theis confined,6.1004405337253346e-05,0.001,8.853243853618475e-05,0.0010479893452122451,,,,0.3724229417784225,0.04687341906495944,0.3724229417784225,-0.32554952271346294,0.03038813532967078,0.10333330589085056,0.10360976286889194,0.008496447552056361,-121.72195131705544,-119.05754229670504,2,False
mf6_combined_00,heterogeneous leakage boundary,R20E,20.0,Hantush-Jacob leaky,6.1004405337253346e-05,0.001,8.509622270034528e-05,0.0010299807903796276,,,99999.99999996858,0.33283656778510823,0.029540151950762445,0.33283656778510823,-0.3032964158343457,0.032091544387298436,0.10931328577820261,0.10964065707918513,0.012870362739398731,-116.57939743661575,-112.58278390609014,3,True
mf6_combined_00,heterogeneous leakage boundary,R20E,20.0,Lagging Darcy no-leakage,6.1004405337253346e-05,0.001,7.977508070830331e-05,0.0011232234107166244,0.008863334092194053,36.08673919385829,,0.26826510365382283,0.11620259694668741,0.26826510365382283,-0.15206250670713542,0.0024447561143295343,0.025664502240867172,0.025668728908926457,0.00925487911280489,-197.8642427039772,-192.5354246632764,4,False
mf6_combined_00,heterogeneous leakage boundary,R20E,20.0,Lagging Darcy with leakage,6.1004405337253346e-05,0.001,7.408131591166816e-05,0.0010969543029865846,0.0006017408760384218,41.19780078026752,132.23985743255875,0.19421727335743816,0.09253752407775402,0.19421727335743816,-0.10167974927968418,0.0013063721996218584,0.007195281652469322,0.007195374782140469,0.00038776174306235256,-266.3995860477011,-259.7385634968251,5,False
mf6_combined_00,heterogeneous leakage boundary,R50E,50.0,Theis confined,6.1004405337253346e-05,0.001,9.130434775234918e-05,0.0010677871294213573,,,,0.4032523267655925,0.0655884036505247,0.4032523267655925,-0.33766392311506765,0.006182353751566284,0.035792579153927126,0.03580404576044658,0.004021954376070196,-182.64593702460877,-179.98152800425837,2,False
mf6_combined_00,heterogeneous leakage boundary,R50E,50.0,Hantush-Jacob leaky,6.1004405337253346e-05,0.001,8.950285288856969e-05,0.0010549296918199273,,,395.31499713377445,0.38332442041355824,0.0534741218825847,0.38332442041355824,-0.32985029853097353,0.0065468875021860795,0.03483866698586298,0.034849240866881986,0.0030147607757638386,-182.0047445037062,-178.00813097318058,3,False
mf6_combined_00,heterogeneous leakage boundary,R50E,50.0,Lagging Darcy no-leakage,6.1004405337253346e-05,0.001,8.752577782222153e-05,0.0010794543810560499,4.723333945450748,57.06669723890197,,0.3609872734497887,0.07645571075235412,0.3609872734497887,-0.28453156269743457,7.870607828043354e-05,0.02517711683687958,0.025181107226930316,0.005187710174595761,-199.19991678027202,-193.8710987395712,4,False
mf6_combined_00,heterogeneous leakage boundary,R50E,50.0,Lagging Darcy with leakage,6.1004405337253346e-05,0.001,7.234829710456214e-05,0.0009978729542573389,225.04182628890564,353.2784805627855,129.86998684087615,0.17054583568133613,-0.0021293111173974013,0.17054583568133613,-0.17267514679873347,0.00023076350197882901,0.0018393806308505637,0.00183938218662589,0.00018956238994234726,-343.27123246148244,-336.61020991060644,5,False
mf6_combined_00,heterogeneous leakage boundary,R100E,100.0,Theis confined,6.1004405337253346e-05,0.001,0.00013784673671663017,0.001705236717278702,,,,0.815196384268285,0.5337039382121083,0.815196384268285,-0.2814924460561767,0.002970441688228513,0.017177019111199725,0.01717828620889421,0.0006747136753815956,-223.7573708085424,-221.09296178819199,2,False
mf6_combined_00,heterogeneous leakage boundary,R100E,100.0,Hantush-Jacob leaky,6.1004405337253346e-05,0.001,0.00013697518865244906,0.0016979070722028834,,,942.8594454989171,0.8088537244908663,0.5293963585958246,0.8088537244908663,-0.27945736589504194,0.003031739388048768,0.017149922995591125,0.01715118410609592,0.000642704180108776,-221.80791024881862,-217.811296718293,3,False
mf6_combined_00,heterogeneous leakage boundary,R100E,100.0,Lagging Darcy no-leakage,6.1004405337253346e-05,0.001,0.00013237673823381584,0.0017019962789125433,20.049168606636165,163.85344487836122,,0.7747058547598318,0.531801843845939,0.7747058547598318,-0.2429040109138929,0.00011198261017598346,0.012907620128907511,0.012908157771427946,0.0008950278670477089,-236.61260489359617,-231.28378685289536,4,False
mf6_combined_00,heterogeneous leakage boundary,R100E,100.0,Lagging Darcy with leakage,6.1004405337253346e-05,0.001,9.646553340968725e-05,0.0014358333159269017,1175.0019953416095,1671.9792790025722,142.4727503788508,0.45823969759754846,0.36174538862896033,0.45823969759754846,-0.09649430896858809,0.0001039925832023642,0.0014992995501800102,0.001499300392748474,7.30808108319384e-05,-355.03335237053375,-348.37232981965775,5,False
mf6_combined_00,heterogeneous leakage boundary,R100N,100.0,Theis confined,6.1004405337253346e-05,0.001,0.00010203293799366285,0.0008485778398823503,,,,0.5143496024536738,-0.1641934602923907,0.5143496024536738,-0.6785430627460644,0.004840492896260512,0.027954763349795072,0.02796022568285683,0.0016165641238054368,-196.48234182827125,-193.81793280792084,2,False
mf6_combined_00,heterogeneous leakage boundary,R100N,100.0,Hantush-Jacob leaky,6.1004405337253346e-05,0.001,0.00010202273116648667,0.0008485279850748579,,,99999.99999385222,0.51424956282011,-0.16425221303105142,0.51424956282011,-0.6785017758511614,0.004842235430065303,0.027936802951278674,0.027942254761627396,0.0016096437211460357,-194.5166375566468,-190.52002402612118,3,True
mf6_combined_00,heterogeneous leakage boundary,R100N,100.0,Lagging Darcy no-leakage,6.1004405337253346e-05,0.001,9.654236469678457e-05,0.0008495141797899683,9.515744137404473,149.67281204329046,,0.4590358441999349,-0.16309064608483478,0.4590358441999349,-0.6221264902847697,-0.00019725139718418185,0.018355335064519515,0.01835688123523042,0.002167292159126437,-216.89370139434766,-211.56488335364685,4,False
mf6_combined_00,heterogeneous leakage boundary,R100N,100.0,Lagging Darcy with leakage,6.1004405337253346e-05,0.001,6.913405361251888e-05,0.0007209748580065109,926.0355472925835,1394.8503335189987,151.39843787482175,0.12510134555990507,-0.32715101330864793,0.12510134555990507,-0.4522523588685529,0.0002526999489142888,0.002532259569552793,0.0025322636289701315,0.00016809503256191635,-325.5346344988359,-318.8736119479599,5,False
mf6_combined_01,heterogeneous leakage boundary,R20E,20.0,Theis confined,7.505943925210325e-05,0.001,0.00014618176373420254,0.0010319961251104514,,,,0.6665704814585638,0.03149491231438732,0.6665704814585638,-0.6350755691441766,0.028885604703185762,0.10974076564668611,0.11007199910403793,0.008941695272366773,-118.81503119768625,-116.15062217733585,2,False
mf6_combined_01,heterogeneous leakage boundary,R20E,20.0,Hantush-Jacob leaky,7.505943925210325e-05,0.001,0.000137348918666299,0.0010071388995254494,,,99999.99999994246,0.6042442166597725,0.007113538211944031,0.6042442166597725,-0.5971306784478282,0.03162490582328033,0.1092429074827535,0.10956964583604767,0.0051399542304921535,-116.67898202561467,-112.68236849508907,3,True
mf6_combined_01,heterogeneous leakage boundary,R20E,20.0,Lagging Darcy no-leakage,7.505943925210325e-05,0.001,0.0001341155808116746,0.0011129772538679742,0.006730257822497739,25.823934847845813,,0.5804216485279756,0.10703863530827042,0.5804216485279756,-0.47338301321970505,0.0033663317930731113,0.057985374855615,0.058034150125074464,0.012878402619028829,-152.384208905596,-147.0553908648952,4,False
mf6_combined_01,heterogeneous leakage boundary,R20E,20.0,Lagging Darcy with leakage,7.505943925210325e-05,0.001,0.00011421288616828449,0.0010686103682908071,0.02062090881186293,34.880728168357514,99.65292199778273,0.41978380644067853,0.06635908318097544,0.41978380644067853,-0.3534247232597029,0.0016633401859922922,0.015344419698584914,0.015345322958458578,0.0014887052409323202,-224.59134357355555,-217.93032102267952,5,False
mf6_combined_01,heterogeneous leakage boundary,R50E,50.0,Theis confined,7.505943925210325e-05,0.001,0.0001798527988346694,0.001389057637130361,,,,0.8738584090535415,0.32862555832552254,0.8738584090535415,-0.5452328507280189,0.002387828483873903,0.04393327523025357,0.04395448301966184,0.004895050706166767,-171.93731106430656,-169.27290204395615,2,False
mf6_combined_01,heterogeneous leakage boundary,R50E,50.0,Hantush-Jacob leaky,7.505943925210325e-05,0.001,0.00015634149728277691,0.0012840322167327672,,,155.96924319499408,0.7337623768228151,0.25000529586636777,0.7337623768228151,-0.48375708095644737,0.0050003426785781525,0.0233691345683005,0.023372325498539338,0.0010700132300128355,-204.07444965882752,-200.0778361283019,3,False
mf6_combined_01,heterogeneous leakage boundary,R50E,50.0,Lagging Darcy no-leakage,7.505943925210325e-05,0.001,0.00017894219933078356,0.0013923974691046317,11.75970199643689,18.18383647823844,,0.8687825219110454,0.33102705930384796,0.8687825219110454,-0.5377554626071974,0.0016461695590011816,0.04426602432487153,0.04428771778707902,0.004999653161462219,-167.56028500638828,-162.23146696568747,4,False
mf6_combined_01,heterogeneous leakage boundary,R50E,50.0,Lagging Darcy with leakage,7.505943925210325e-05,0.001,0.00013876136313832168,0.0012554517946600226,85.02160869617494,146.79978973513832,121.01644124066321,0.6144753227487421,0.22749550354586412,0.6144753227487421,-0.3869798192028781,2.9385781923342075e-05,0.0012814049207238868,0.0012814054467349943,0.0001308957023841215,-363.95172735679444,-357.29070480591844,5,False
mf6_combined_01,heterogeneous leakage boundary,R100E,100.0,Theis confined,7.505943925210325e-05,0.001,0.0002542787168726341,0.0016756541226040677,,,,1.2201506529187096,0.5162036100012194,1.2201506529187096,-0.7039470429174901,0.001434303823633094,0.031662824485007166,0.031670761910847646,0.0016093253248564007,-190.30504543695,-187.6406364165996,2,False
mf6_combined_01,heterogeneous leakage boundary,R100E,100.0,Hantush-Jacob leaky,7.505943925210325e-05,0.001,0.00021202139063998494,0.0014979283679115213,,,203.37164867533653,1.0384068458103624,0.4040830654680569,1.0384068458103624,-0.6343237803423053,0.003624628266408841,0.020442296210183623,0.02044443204100877,0.0005900757263461073,-211.96832105919006,-207.97170752866444,3,False
mf6_combined_01,heterogeneous leakage boundary,R100E,100.0,Lagging Darcy no-leakage,7.505943925210325e-05,0.001,0.0005892907842942826,0.00042893654304434326,99611.16704641063,13038.8199677971,,2.060639430310485,-0.8464462893066667,2.060639430310485,-2.9070857196171516,0.0005739532371990002,0.004674717260733008,0.0046747427999663995,0.0001788476099286768,-293.05681139099727,-287.72799335029646,4,False
mf6_combined_01,heterogeneous leakage boundary,R100E,100.0,Lagging Darcy with leakage,7.505943925210325e-05,0.001,0.00015198681954423053,0.0013171265041985688,1014.1557576077461,1453.7980119674578,125.16664631526214,0.7055134805447667,0.2754524729686525,0.7055134805447667,-0.43006100757611404,0.0002658365137467184,0.0027037149353816266,0.002703719876464275,8.969301850220287e-05,-321.87417938964114,-315.21315683876514,5,False
mf6_combined_01,heterogeneous leakage boundary,R100N,100.0,Theis confined,7.505943925210325e-05,0.001,0.00021938645232584986,0.0019063849000087285,,,,1.0725544741750141,0.6452087260873969,1.0725544741750141,-0.4273457480876172,-0.0012621045346645214,0.04724503459821992,0.047271410693247716,0.002307000654763931,-167.93241198363035,-165.26800296327994,2,False
mf6_combined_01,heterogeneous leakage boundary,R100N,100.0,Hantush-Jacob leaky,7.505943925210325e-05,0.001,0.0001455495244353498,0.0014565094643051912,,,120.05404222423604,0.6622360798066554,0.3760427953744013,0.6622360798066554,-0.28619328443225417,0.00280242534016548,0.014806428587542476,0.014807240129152816,0.00034195202016168175,-229.90779782082797,-225.91118429030234,3,False
mf6_combined_01,heterogeneous leakage boundary,R100N,100.0,Lagging Darcy no-leakage,7.505943925210325e-05,0.001,0.0005677945320812451,0.0005804968830476803,81091.3758929965,10788.686236361971,,2.023479290967252,-0.5438708472855136,2.023479290967252,-2.567350138252766,0.000231735560387978,0.004527045184391654,0.004527068378974786,0.00019187974323172676,-295.2127171094727,-289.8838990687719,4,False
mf6_combined_01,heterogeneous leakage boundary,R100N,100.0,Lagging Darcy with leakage,7.505943925210325e-05,0.001,0.00011012301973809612,0.001271340156472455,665.9297923522324,968.6341169045302,92.64941767965637,0.383317779130877,0.2400715854116478,0.383317779130877,-0.1432461937192291,2.585708095951014e-06,0.00018725500145297378,0.0001872550032534761,5.10004532173791e-06,-471.6629546177732,-465.0019320668972,5,False
