objective,well,time_s,observed_m,darcy_pred_m,lagging_pred_m,eta_darcy,eta_lagging
raw,MW-13,596.8411609929353,0.0010154070025281,4.340407273662364e-05,0.0015734319985834888,0.6583326464378978,-0.2444192546835664
raw,MW-13,1185.7222611718853,0.0037864700908095,-0.00035799833382408323,0.0036134952140879834,2.008957586735003,0.036807456064310795
raw,MW-13,1814.834598109656,0.0079123342251462,0.0005788085259874965,0.006671662368991693,1.7307657202152442,0.1499028569033407
raw,MW-13,2388.413352628735,0.0120554792842156,0.0033812243409313643,0.010295776132377584,1.091879698950689,0.1447790519256966
raw,MW-13,3016.517555970352,0.0161023673000218,0.008251578240455887,0.015114723398862044,0.6144227349645197,0.05948354160795744
raw,MW-13,3606.126095469224,0.0204054592320603,0.014062188126771066,0.020326963563852884,0.35145848803621255,0.003673826633715538
raw,MW-13,4252.142266066047,0.025858933147457,0.02134434963076743,0.026647226695291376,0.18402499514276863,-0.028926951288088518
raw,MW-13,4745.718461470701,0.0327721683406644,0.027328151925091183,0.03180926363306048,0.1757809635503502,0.028926138065058775
raw,MW-13,5370.087914838273,0.0383772405794097,0.03521427295646668,0.03864673739578,0.08373467744195805,-0.006820660464221988
raw,MW-13,5911.78708858187,0.0461420576409277,0.04221877322880006,0.04478173198462044,0.08689057979425292,0.029280399541836814
raw,MW-13,6598.442178499234,0.0512618368502958,0.0511840635790746,0.05273757681052442,0.0014892549209837016,-0.027846103409385325
raw,MW-13,7364.755894301865,0.0584696971219703,0.06117788845176629,0.06175085694289928,-0.044532554663421056,-0.053705343628587913
raw,MW-13,7674.323807495432,0.0649629861895055,0.06518833773630654,0.06541070460349939,-0.003410510898256034,-0.006764487996768926
raw,MW-13,8448.901874819776,0.0702961110246381,0.07511402476136272,0.07457147595118996,-0.06539075963072556,-0.05823712765744019
raw,MW-13,9049.133547029243,0.0823247101586541,0.0826735926982954,0.08164321282085332,-0.0041782825482635285,0.008212444378623845
raw,MW-13,9560.22938949334,0.086771841384874,0.08900653744843845,0.08762763034028286,-0.025141569962937576,-0.009702927805606954
raw,MW-13,10239.680902941676,0.0964048266366493,0.09726660599212718,0.09551161109209072,-0.008808489987305478,0.009212440907115354
raw,MW-13,10818.16068300566,0.0989709885041407,0.10415058758901559,0.10214675868018573,-0.05051346129794149,-0.03127278672329168
raw,MW-13,11119.03295113714,0.1099640254793365,0.10767603956432051,0.10556652445147632,0.020834711363162183,0.04043662112324328
raw,MW-13,12074.21737472147,0.1189935811101444,0.11861797942216629,0.11626951428036095,0.003135090767626371,0.022963424029867507
raw,MW-13,12756.504436433948,0.1189852675176289,0.12620225897403736,0.12376304730524812,-0.05840944541949941,-0.039047352221261315
raw,MW-13,13292.70747081916,0.1321990478995979,0.13202956642075786,0.1295598239900691,0.0012732027484533717,0.020013067080217134
raw,MW-13,14043.480734150844,0.1393403607916546,0.1399963267684545,0.13753708845939502,-0.0046632180906537105,0.012932544171251946
raw,MW-13,15041.7567898057,0.1507847504571941,0.15025264309172087,0.1478906036181938,0.0035118300491743435,0.01925156941298909
raw,MW-13,17256.465625021807,0.1719803901981434,0.17171987059204444,0.16983760021876693,0.0015071996464274837,0.012464837694319508
raw,MW-13,18739.1338409046,0.1812643347963131,0.18518041815492042,0.18376949799971856,-0.02125817128626982,-0.013651069099812575
raw,MW-13,23345.354004482026,0.2179050531935422,0.22301141475381364,0.22351470242070637,-0.0230589205327206,-0.025303105916134393
raw,MW-13,25004.522991343867,0.2420958059792337,0.23536276053210553,0.23665236124532543,0.028087883164982178,0.02264669010723721
raw,MW-13,28686.499202625764,0.2689486080088942,0.26076458448209155,0.26387945592153705,0.030786032845801135,0.01895676099301673
raw,MW-13,30307.5092146497,0.2689298176748804,0.27117083755299276,0.2751056770005139,-0.008267957703668774,-0.022621689445330478
raw,MW-12,392.6013563593302,0.0576664006330145,0.05013272103342576,0.013502694428906305,0.1374425460763482,1.397532716848409
raw,MW-12,985.3228888272048,0.1756651587772243,0.20469423232263334,0.13371908309299863,-0.15213457437972622,0.2710644381674217
raw,MW-12,1571.788339375178,0.2820578781063517,0.323089235317078,0.2572919785923529,-0.1353675025076587,0.09156074800719997
raw,MW-12,2175.634007673998,0.3636974688244829,0.4174561261154475,0.36528779500917063,-0.13750389103087604,-0.004351192212731767
raw,MW-12,2760.529914655219,0.4410605979292842,0.4914321467866097,0.4531328350320105,-0.10790970603049976,-0.02694277135405285
raw,MW-12,3361.3043029115256,0.5030219057004378,0.555143323271131,0.5298417512828751,-0.09840630588145069,-0.05184422582399521
raw,MW-12,3909.555627338087,0.5787806171100288,0.6053491484139535,0.5904301315243553,-0.04480618703021413,-0.019893769978433642
raw,MW-12,4547.30985533123,0.6429666211818124,0.6565492850493947,0.6519434676005572,-0.020872825194635833,-0.013843657877758958
raw,MW-12,5145.800422472732,0.689644722784047,0.6990901548515364,0.7025856393565506,-0.013583577219693613,-0.018564060241419517
raw,MW-12,5665.221279650521,0.733270850356964,0.7325358200270856,0.7419622083949763,0.001001535701056395,-0.011767213406672004
raw,MW-12,6323.430996194914,0.7660718833454676,0.7711119206682361,0.7867642155670268,-0.006548997362472331,-0.026618309146119838
raw,MW-12,6898.20417182021,0.8217254570115434,0.8018852963195695,0.8219396520744412,0.024410697138054625,-0.00026031428013476184
raw,MW-12,7490.894951871823,0.8660843144894885,0.8312207567555235,0.854932460332456,0.0410384823327517,0.012944749050250635
raw,MW-12,8134.651560046475,0.8813349113307359,0.860723587956699,0.8875185323194567,0.02363714637739066,-0.006983803367746693
raw,MW-12,8753.094718916203,0.9127527434163736,0.8870702658577417,0.9160628696984675,0.028509145350466024,-0.0036160166706017786
raw,MW-12,9289.968278790502,0.9536435239517792,0.9085553047642196,0.9389196216434432,0.04838219346142036,0.015543634729968133
raw,MW-12,9950.82048790646,0.9369616575691784,0.9334427479163446,0.9648901546766705,0.0037587112970114463,-0.029341044853214537
raw,MW-12,10464.93427826984,0.9619078690995532,0.9517409592517282,0.9836180760017876,0.010614685904123702,-0.02229608937733582
raw,MW-12,10955.263583848986,0.996232768408728,0.9684115947671237,1.0003961084872268,0.028294927421081906,-0.004166202288612241
raw,MW-12,11574.169439275283,1.0227510935862767,0.9884646234590198,1.0202038872998207,0.0340646909156587,0.002491211422865461
raw,MW-12,12227.986319664296,1.0592347992679934,1.0085631565601578,1.039629041504677,0.04897267330502855,0.018665014430578226
raw,MW-12,12801.146150993833,1.059173128590125,1.0253514777292374,1.055513815339741,0.03242196467511288,0.0034575891408452396
raw,MW-12,13339.69164451274,1.096975246476864,1.0404799521760397,1.0695531501062614,0.0528250660981383,0.025292321030166372
raw,MW-12,13901.136610765065,1.096917765110466,1.0556379167222198,1.0833509557437537,0.03832335441743373,0.012433834589310182
raw,MW-12,14686.53053295158,1.1162720284136376,1.0758796533489305,1.101344505370066,0.03682237582440934,0.013450745095955436
raw,MW-12,15304.661660654869,1.1162135358982677,1.0910879903429833,1.114529973596552,0.02274621961501751,0.0015080662992667528
raw,MW-12,15730.929719808622,1.1459656142212238,1.1012333025039822,1.1231630043481782,0.03978146222986146,0.020081096195924766
raw,MW-12,16543.892283321613,1.145892222091727,1.1198644128390103,1.1386705552708838,0.022955683883390268,0.006316634648555548
raw,MW-12,17240.196612703352,1.1458321774818945,1.1351288849147048,1.1510352829261263,0.009376744234321588,-0.00452667621643027
raw,MW-12,17965.49340125931,1.1867271755538775,1.1504048324040788,1.1630961689627841,0.03105875412773295,0.02009657907934479
raw,MW-12,18635.98628041997,1.197136897187468,1.1640020789305912,1.1735639416576404,0.028044893100884243,0.01987079937312123
raw,MW-12,19243.3206602153,1.1866235367702855,1.1759135043609903,1.182523907295487,0.0090589451259745,0.00345793220923299
raw,MW-12,19870.44766291396,1.1762025055992575,1.1878346797776882,1.191292658806313,-0.009832700828766193,-0.012737191826429243
raw,MW-12,20611.765604027256,1.2181885199585345,1.2014620715348165,1.2010706737491512,0.013814308704251717,0.0141398586805537
raw,MW-12,21479.27981292685,1.218124687031691,1.216814395584504,1.2117692582993858,0.0010753584960755977,0.005226743718067041
raw,MW-12,22486.07357870484,1.2180537654803696,1.233889466045989,1.2232700155067544,-0.012906509152135618,-0.004269804920545255
raw,MW-12,23432.47422708387,1.217989939614644,1.2492716390379242,1.2332684937226077,-0.025338241453049883,-0.012455884335379565
raw,MW-12,24418.70727146192,1.217926117093385,1.2646670801100004,1.2429299107333025,-0.03762908001910464,-0.020305411652547997
raw,MW-12,25562.94531761374,1.2503601696568662,1.2817831448379566,1.253263474418784,-0.024800953948389916,-0.002317431884177761
raw,MW-12,26760.918159228466,1.2724366222776378,1.2989158655549824,1.2631763372950493,-0.020580295936741867,0.00729845428443925
raw,MW-12,27506.62818055959,1.2723921715423276,1.309204393669185,1.2689220563284567,-0.02849880984363299,0.0027288152829684693
raw,MW-12,29060.96631581814,1.2723032747301188,1.3297964100819357,1.2799558480467286,-0.044163040155774914,-0.0059920280954356775
raw,MW-12,29870.76864331409,1.2722588286531118,1.340099631705003,1.2852441012210813,-0.051910277403604495,-0.010146801417754564
raw,MW-12,31127.97856538715,1.2721921624488215,1.3555631195158409,1.2928915020876928,-0.06342712257495493,-0.016127085027674647
raw,MW-10,590.8354634745201,0.0068851532459562,-2.7714588636072166e-05,0.006850383887648083,2.0930875398835767,0.004419221866864823
raw,MW-10,1184.790627458214,0.0183908979313357,-0.0009999997339686505,0.01600656335960181,18.10445545698058,0.13120442765024679
raw,MW-10,1780.6474722545652,0.0319600042325634,0.005085577299782582,0.02876587260239379,1.689373238915141,0.10193231088925138
raw,MW-10,2375.8682528365744,0.0478467874816704,0.019472748398985225,0.04501860923566574,0.8695939580240656,0.059642750129910306
raw,MW-10,3000.607834175209,0.0667765258501425,0.04112575094499777,0.0652937792006851,0.47555669349595586,0.022119843851348762
raw,MW-10,3587.028339850632,0.0884191333528719,0.06538563660574505,0.08666280667788089,0.2978539619834771,0.019836966637646666
raw,MW-10,4152.8659614917,0.1101017654764233,0.09097399109646212,0.10886027230488417,0.18894075578914593,0.011237280831223564
raw,MW-10,4830.015392521212,0.1383097961383468,0.12313312684853717,0.13682784681106114,0.1153456090280242,0.010694782828734418
raw,MW-10,5390.8812670682255,0.1619679534444106,0.15034838597210817,0.16073811983790043,0.07396920563922789,0.007575093837554252
raw,MW-10,6016.927956881693,0.1863712562235201,0.1808466689532384,0.18787258022706074,0.029928122381565843,-0.007980632911015346
raw,MW-10,6563.640664039785,0.2125828649775576,0.20732291298132394,0.21173818545300468,0.02493554159799103,0.003962650350034372
raw,MW-10,7160.091550042839,0.2382600690607651,0.23585458305813972,0.23777880401357954,0.01010473615841464,0.0020134982190249877
raw,MW-10,7704.241173930207,0.2601012164886404,0.26145823264666923,0.26142415196390933,-0.005183820859618038,-0.005053960594510891
raw,MW-10,8289.7086525614,0.286448571796467,0.2884796225349137,0.2866516491893756,-0.0070409425268262,-0.0007062330840393006
raw,MW-10,8960.737303347974,0.3072620594253882,0.3187228206324047,0.31520292893560686,-0.03650417141190781,-0.025433924150747855
raw,MW-10,9510.180563769767,0.3325021709456003,0.34288459896257917,0.33823991684645877,-0.030656758042838645,-0.017058201459820302
raw,MW-10,10232.886578586444,0.3661834929970484,0.37382958354354373,0.36802122099401446,-0.020609774771466027,-0.004992447831649854
raw,MW-10,10761.432466282067,0.3859667518236122,0.39586222761586726,0.38940429224873385,-0.025250410005278077,-0.008844072229485486
raw,MW-10,11369.189452495712,0.4104040672863653,0.4205814796639603,0.4135617899919871,-0.024437203949446578,-0.007646170994086247
raw,MW-10,12066.416545628848,0.4363860798456591,0.4481482179316587,0.4406988021471936,-0.02653665705465276,-0.009811923717535384
raw,MW-10,12631.672188884466,0.4599647490023506,0.4698946285975484,0.46224441077535916,-0.021312776810558636,-0.004933226147305977
raw,MW-10,13043.045188751312,0.4763865376664573,0.4853918172419267,0.47766920231185017,-0.01868799317301612,-0.002683244002068574
raw,MW-10,13716.740518470777,0.5021235748524073,0.5101914249087207,0.5024695719442542,-0.015908312910095316,-0.0006874616752053213
raw,MW-10,14293.680323225037,0.5292572322385969,0.5308763113783066,0.5232597657792492,-0.0030487322493864878,0.011374934946969154
raw,MW-10,15032.301280979962,0.5338904399735975,0.5566441093618899,0.5492846852490224,-0.04165902123129391,-0.0283738130279856
raw,MW-10,15450.71363091611,0.5677133110615071,0.5708986177926089,0.5637386633244621,-0.005585273888627886,0.0070133788087395925
raw,MW-10,16248.981970523128,0.5828284400872693,0.597436425828758,0.5907509178856736,-0.0247131241512736,-0.013478626834085024
raw,MW-10,16778.15913392973,0.6036367422262995,0.6145710938943869,0.6082600346736883,-0.017922593244542408,-0.007617311274381888
raw,MW-10,17564.29145911011,0.6251770280081721,0.639383874579205,0.633704870043296,-0.02243467710598236,-0.013526995800337609
raw,MW-10,18219.492776124775,0.6532036030334853,0.6595030474886996,0.6544108729689898,-0.009583115233102428,-0.0018437033182057095
raw,MW-10,18726.945210987215,0.6706143977723698,0.6747497934101702,0.6701446469346724,-0.006138516446369314,0.0006996800486475871
raw,MW-10,19248.531298021608,0.6884892679879229,0.6901271813705411,0.6860487694299154,-0.0023727287210172413,0.003545853508898137
raw,MW-10,19875.48094223192,0.7068364678962098,0.7082305864694093,0.704816335391599,-0.001967611932945105,0.0028580339882741394
raw,MW-10,20335.69000430333,0.7256810432967666,0.7212641895295582,0.7183565602531553,0.006096665834006542,0.010130505135433534
raw,MW-10,21094.36500251406,0.7515851325663183,0.7422976122039925,0.7402558373917274,0.012417603902065531,0.015168297856822102
raw,MW-10,21385.96937715019,0.7716317127040275,0.7502367590250343,0.7485368111020011,0.028081635684110044,0.03034706557161108
raw,MW-10,22286.06850801472,0.7715912792983102,0.7742544545961401,0.7736367030598916,-0.00344114128107262,-0.0026439865055134237
raw,MW-10,23117.60832057813,0.7921484102011915,0.7958144679021166,0.7962273001945435,-0.004611509172046191,-0.005129478412149327
raw,MW-10,23652.57772801513,0.8349738198369397,0.8093806590469838,0.8104693792420776,0.031093209894273034,0.029750643895044532
raw,MW-10,24423.39948162931,0.8276410070838782,0.8285264405067185,0.8306036165105855,-0.0010679663363115629,-0.003568886812407092
raw,MW-10,25334.245062406742,0.8800632300798256,0.850565709716652,0.8538288317208479,0.034052727673377164,0.03022814208950223
raw,MW-10,26888.363035079212,0.903484023938236,0.8867972359077457,0.8921156127652875,0.01862126283658356,0.012648603734766303
raw,MW-10,28019.803856994764,0.9194413587048328,0.9121578580428192,0.9189882604356611,0.007944526703471618,0.0004923831627286652
raw,MW-10,29332.6578704397,0.9522508751586054,0.9405873174642058,0.9491799637878598,0.012311030093854473,0.0032267145959367486
raw,MW-10,30012.106311694995,0.9606205990058588,0.9549028300109814,0.9644084390718289,0.005963719509064613,-0.0039312795702931445
raw,MW-10,31418.72026092874,0.9690356770038204,0.9837268490546213,0.9951200480700688,-0.015031440872592533,-0.026534929274895296
raw,MW-10,32591.018405276667,0.9948532228939772,1.006957475046436,1.019917712341387,-0.01208138013469977,-0.02485733960368725
raw,MW-08,691.9896555650862,0.6914056951381791,0.9326399316107277,0.6325100803100973,-0.2989188032235961,0.0888961367559291
raw,MW-08,1284.0896506007043,0.9644763554547042,1.139844307675884,0.9710684402289467,-0.16690227589459394,-0.006804601601778359
raw,MW-08,1877.927322441329,1.1390209390125663,1.267885339435631,1.184152656040372,-0.10709219980271724,-0.03882496016019485
raw,MW-08,2494.563038467098,1.2875352937401914,1.3637223386357942,1.3391065503839557,-0.057444850952408984,-0.03924298393949899
raw,MW-08,3065.4774203293605,1.4053255196694014,1.4333545093789113,1.4469155433636467,-0.019734640359748194,-0.02914467745148815
raw,MW-08,3648.162082965224,1.5474819106845756,1.4921879387579107,1.5336972579234547,0.036361647951954096,0.008941903052773877
raw,MW-08,4243.4241942999215,1.6024879325846222,1.5433104326117568,1.605208618043387,0.03760372566626122,-0.0016952917931384818
raw,MW-08,4868.384917807387,1.7037701838608306,1.5897953039025843,1.6666160958050493,0.06919622981416154,0.02203519307032646
raw,MW-08,5459.011363962464,1.7489897797907252,1.6285460818668764,1.714891011552515,0.07130844914442336,0.019677461831339026
raw,MW-08,6065.46786369964,1.7954304517100623,1.6642028460552245,1.756784090176094,0.07585466813311309,0.021747637486470905
raw,MW-08,6586.782868504316,1.7952422959753995,1.6921154018328983,1.7877941707544243,0.05912660451814082,0.004155124225998167
raw,MW-08,7218.610102584612,1.85919580372598,1.7231269287075595,1.8203317716187086,0.07596095893324964,0.021113776861718732
raw,MW-08,7767.58009748969,1.8427716183094796,1.7479447535207364,1.8448748212639565,0.05280065815118848,-0.0011400567597580511
raw,MW-08,8435.188293071473,1.8425785013623248,1.7758654444320772,1.8708596474689918,0.03685769489862447,-0.015223880032576331
raw,MW-08,9035.155869500944,1.8424175860327632,1.7991343861994045,1.8911799237425853,0.023759911415221695,-0.02610833069360836
raw,MW-08,9545.712351879827,1.842288863887328,1.8177505622221561,1.9065556051131376,0.013401641038511427,-0.034271232430036734
raw,MW-08,10131.24558095735,1.9079961149420688,1.8379131221364609,1.9223220892259605,0.03740280701316654,-0.007476436064179357
raw,MW-08,10752.930146622904,1.891173859274054,1.858083998724594,1.937173956975923,0.01764246558571521,-0.024019912319985647
raw,MW-08,11412.56385422272,1.9415029624504867,1.8782498158302428,1.9511061540059553,0.03310466525583501,-0.004931540357887686
raw,MW-08,11947.502559805367,1.941389924431098,1.8937659408414815,1.9612080075213971,0.0248238178564156,-0.010151238933841993
raw,MW-08,12450.08081565636,2.028410279443301,1.9077234386590503,1.9698409691030543,0.06131058622670665,0.029284908583547844
raw,MW-08,13093.548762819692,2.010549778706668,1.9247935846827016,1.979822136373373,0.043567324588704645,0.0153934802423496
raw,MW-08,13707.22006410976,2.0281622817324294,1.9403094932377056,1.9883524302441746,0.04426029690321315,0.019813864944199407
raw,MW-08,14218.851374431011,2.0280678143897224,1.9527236747086794,1.9948123766304147,0.03783935442741588,0.016525309065922516
raw,MW-08,14817.298680621006,2.02796154388864,1.9666899026086997,2.0016994353532405,0.03066389102829091,0.013028119243828634
raw,MW-08,15440.933617573504,2.027855278956117,1.9806564063405965,2.0081920414003016,0.023538668172473208,0.009739060202089653
raw,MW-08,16017.207021645463,2.0456431997200357,1.9930698172729837,2.0136390227542345,0.026023302886164612,0.015760953175232698
raw,MW-08,16615.060166035284,2.045547918154578,2.005484905239353,2.018789444981439,0.019770043596305898,0.013161160539496
raw,MW-08,17314.35983073453,2.045440731698232,2.019452104421144,2.024237711143021,0.012780755278589035,0.010414973831122654
raw,MW-08,18209.232381498987,2.027430274905802,2.0365249119967417,2.0304156358205465,-0.004473562467009418,-0.0014706772219809817
raw,MW-08,19062.666659208266,2.0451906518084173,2.0520430982238422,2.035588343624196,-0.003343284728843923,0.0047038185999977965
raw,MW-08,19774.193655597912,2.0450953913216474,2.0644590100194042,2.039435234642852,-0.009419192826364097,0.0027701543516579484
raw,MW-08,20325.214150671494,2.045023948868379,2.0737710436694776,2.042156148161502,-0.013952434519269294,0.0014026289422313595
raw,MW-08,21473.74661543992,2.044881071448971,2.0923953549965857,2.0471924804309305,-0.022958781062742958,-0.0011291488529711546
raw,MW-08,22377.540141190177,2.044773919935309,2.1063637911035493,2.0506305735174086,-0.029661615390704714,-0.002858715843145861
raw,MW-08,23001.104543455345,2.04470248871218,2.115676173359255,2.0527686954530786,-0.03410576980764825,-0.003935247639553837
raw,MW-08,23642.04496476992,2.044631059984395,2.124988625881385,2.054788419287459,-0.03853060121559909,-0.004953104709465946
raw,MW-08,24978.004132248305,2.044488210014519,2.14361373206646,2.0584890592753515,-0.04732296336735445,-0.006821428053217871
raw,MW-08,26029.28590553047,2.0443810790867483,2.15758272862652,2.060984228294172,-0.053867743308846694,-0.008084617947547845
raw,MW-08,27500.142727782,2.04423824658201,2.1762082659300774,2.0639635714210494,-0.06252915945306889,-0.009598300594035523
raw,MW-08,28266.45171232904,2.044166834071854,2.185521119313365,2.065313392804747,-0.06683238316255882,-0.010286682185352482
raw,MW-08,29054.11438458638,2.044095424056392,2.194834026554079,2.06657530625549,-0.07111749036118668,-0.01093212053968639
raw,MW-08,29863.72577865641,2.0440240165355346,2.204146985763071,2.067753247686969,-0.07538463343416497,-0.011536596567940335
raw,MW-11,646.4340729863054,0.2022687498663643,0.32829977955741063,0.09449178604849907,-0.4824395255161086,0.755488760613886
raw,MW-11,1244.143951883835,0.3802896966917835,0.5490343502871334,0.3291235070743734,-0.3664212863722905,0.14409259666849064
raw,MW-11,1827.7025994851424,0.5353222678485561,0.6933615999976718,0.5339269299532016,-0.2582576358935779,0.0026050683395153927
raw,MW-11,2416.6345476703727,0.6664844302151164,0.8027796187706162,0.7028905255496577,-0.1858090611164168,-0.05310677610358721
raw,MW-11,3024.4974188150827,0.7941988646428686,0.8927999904454236,0.8443800264238875,-0.11688979823116113,-0.06119403409104617
raw,MW-11,3599.329749606974,0.9057962978148518,0.9636637289108649,0.9542682051575725,-0.06186173722722198,-0.05207430821563156
raw,MW-11,4244.36933262339,1.0240560322695995,1.0315044846278525,1.0562185874875838,-0.00724011258371232,-0.030894208676458104
raw,MW-11,4759.145501690665,1.1178720112783955,1.0789644753133243,1.124763106589855,0.035392897654125524,-0.006140077651313477
raw,MW-11,5360.950220366796,1.1781627440370952,1.1285971566265809,1.1933655259329805,0.042943577081079584,-0.012810456058661457
raw,MW-11,5929.21231118037,1.2417340850540572,1.1707824493988244,1.2488116576228812,0.058787809132912955,-0.005679006382322653
raw,MW-11,6587.818416835434,1.3087279905056048,1.2150531687918507,1.303840695347938,0.07420896789380321,0.0037385140244179985
raw,MW-11,7219.713457428876,1.367302499180636,1.2536759556435775,1.3489911395681518,0.08669358331858674,0.013472890741894875
raw,MW-11,7804.299396125322,1.4036573188451884,1.2865918570647952,1.3852458277386688,0.08701967555533324,0.01319412192794433
raw,MW-11,8359.284382199121,1.4409955464283053,1.315694050190599,1.415530413607726,0.0909038627476399,0.017817439376492123
raw,MW-11,8953.853159708466,1.440869701980931,1.344853662933707,1.444167536186643,0.06891217019159668,-0.002284581297727882
raw,MW-11,9459.691481785978,1.479223641448951,1.368210821866406,1.4658547165646623,0.0779586540167565,0.009072725570624727
raw,MW-11,10132.572892688988,1.466164676783733,1.3974571779985447,1.4914268603383327,0.0479621337337071,-0.017071813311611325
raw,MW-11,10754.057139606542,1.5318479830893694,1.4228278520124011,1.5121810457040479,0.0737785167108503,0.012913344222556293
raw,MW-11,11413.759982088695,1.572614481004642,1.4482325496507373,1.5316373065682518,0.08234105030549903,0.026385209248667656
raw,MW-11,11839.838036953855,1.558794567877767,1.4638858203980378,1.5429697435976928,0.06277682419524659,0.010197270036981797
raw,MW-11,12451.766295829451,1.5450691141024682,1.4854253220349933,1.5577551605869127,0.0393415295304994,-0.008171874450439936
raw,MW-11,12975.556682640135,1.6143248886048454,1.5030516695272895,1.5691665306335083,0.0713735261811045,0.02835442165518628
raw,MW-11,13708.776415922088,1.6142121023588458,1.526584566578154,1.5834537870214584,0.05577850751472476,0.019226546711515254
raw,MW-11,14220.465818133114,1.6141369159059429,1.5422844938881184,1.5923942477778619,0.045506797231495734,0.013553242804535138
raw,MW-11,15024.032586737843,1.614024142792824,1.5658505683216106,1.6049479683452532,0.030282308466599846,0.0056356889515000105
raw,MW-11,15656.368602698503,1.6139395681286053,1.583537316563511,1.6137043923344014,0.019005085985043434,0.00014563574034682903
raw,MW-11,16315.318567662003,1.6138549978960883,1.6012340466225925,1.6219117938043905,0.007846233565694763,-0.004976771371146692
raw,MW-11,16846.729666659685,1.6568617979235165,1.6149991848190726,1.6279232164663748,0.025575242893495272,0.017609505419384826
raw,MW-11,17475.54530788145,1.656784624941506,1.6307440598397307,1.6344109606518094,0.01583272959268765,0.013588022911319227
raw,MW-11,18718.524148527453,1.656639935288534,1.6602845411740916,1.6455089416867648,-0.0021962580808327593,0.006737611484339127
raw,MW-11,19506.355039894897,1.656553127562092,1.6780200624440111,1.6515290173916506,-0.012867831675491648,0.003035643110097572
raw,MW-11,20327.34439549099,1.6564663243843638,1.6957635921975431,1.6570935092688464,-0.023432541536606514,-0.0003783282000206109
raw,MW-11,21773.16245295241,1.6563216625290893,1.7253530635164176,1.6654093843374533,-0.04080828462337906,-0.0054683994140035394
raw,MW-11,22689.55788279971,1.6562348714800994,1.7431163989641743,1.669857172527121,-0.05109759237627021,-0.008186298300785275
raw,MW-11,24303.39252172306,1.6560902298379785,1.7727371127217486,1.6764337191206329,-0.0680254932143596,-0.012201886685209907
raw,MW-11,25676.72296283355,1.6559745256192198,1.796446591671181,1.6809976520933498,-0.08137373308064325,-0.014988801118327481
raw,MW-11,27127.65724047829,1.6558588294842391,1.8201668777530162,1.684994877142484,-0.09455389890161554,-0.017432282740627636
raw,MW-11,28269.41426228691,1.655772062687643,1.8379638341631213,1.6876499534156728,-0.10433111064925198,-0.019058196810878808
raw,MW-11,29866.85573569692,1.6556563806979163,1.8617016548612801,1.6907708155331986,-0.11722659389025075,-0.02097445761017889
raw,MW-05,840.9333321889717,0.0040996105049567,-0.00028997743065567255,0.004329780609022912,1.9716226868797906,-0.044145910559726165
raw,MW-05,1416.9636914171942,0.0100322057376973,0.0019078277601135734,0.008885346439015708,1.3334124612469485,0.10976528654214147
raw,MW-05,1997.3797897615257,0.016110807352674,0.007608521563009628,0.014922827067472697,0.6869576807211557,0.0719565285374218
raw,MW-05,2665.02486334673,0.0245464999679223,0.016874927754462792,0.023251761320010545,0.3571012728456756,0.05201107321025768
raw,MW-05,3142.489479319772,0.0302980259060257,0.02445988262811729,0.02983390548148,0.2064510423938271,0.014940113627865171
raw,MW-05,3808.586135304915,0.0408277545944082,0.03564417626106552,0.039547156663895675,0.13230559046714338,0.031094445861812262
raw,MW-05,4369.256974254856,0.0486567159313581,0.045240842252828005,0.04798690168257024,0.07127020782066296,0.013580697053553827
raw,MW-05,5152.118517111591,0.0584962568235812,0.05855062556992956,0.05990331959973361,-0.0009134006541831215,-0.02337428221252603
raw,MW-05,5910.625508872987,0.0684997613167065,0.07112334863556281,0.07139083433151056,-0.037054510425879435,-0.040756375473588076
raw,MW-05,6244.294540351084,0.0761055989766672,0.07652034321552827,0.07638819243156575,-0.005364497413572365,-0.0036583187905731064
raw,MW-05,6969.479125187577,0.0868067083598114,0.08793688214581606,0.08708252427078308,-0.012789026033946141,-0.0031362481139391865
raw,MW-05,7568.293819037221,0.0914927581485894,0.09702960936711924,0.09571226701507596,-0.05813921826772242,-0.04460989965800692
raw,MW-05,8218.235427003105,0.1043610816929935,0.10655548412305667,0.10485157240256425,-0.020613521774547557,-0.004644528457776874
raw,MW-05,8682.288330620871,0.1129345039482725,0.11314236439291742,0.11122604796108916,-0.00182272322226224,0.015108633860822548
raw,MW-05,9558.601382269386,0.1222058420298216,0.12511129503818996,0.12291499000628227,-0.023308341982429773,-0.005739296984395182
raw,MW-05,10816.601861227706,0.1322336894133303,0.1412846645237545,0.13890631893975253,-0.06572508100694213,-0.048868398547865025
raw,MW-05,11908.021557975826,0.1508295311907924,0.15443441989593845,0.15205526945774187,-0.023465519494765275,-0.008040708282638634
raw,MW-05,13474.87443893907,0.1720344706222984,0.1720346966303223,0.16983424825325608,-1.3061436573634012e-06,0.012797048842791
raw,MW-05,14632.438251402898,0.1861608616499942,0.18417393669096327,0.1822023431759699,0.010672888104056769,0.02137722738222518
raw,MW-05,16332.21243357131,0.2014401859829677,0.20083127950516366,0.19929607252880793,0.0030123666409226034,0.01064783051658285
raw,MW-05,17254.657199101235,0.2123218634231185,0.20934891470118908,0.2080858684185933,0.014034470503280933,0.020057099771046315
raw,MW-05,18996.189008401576,0.2297523891621955,0.22454178275925135,0.22383739917875786,0.022839796051582605,0.025967756592644182
raw,MW-05,20628.60375973661,0.2358598372299713,0.23784083904846046,0.2376947156722954,-0.00832882259364227,-0.007716833059957518
raw,MW-05,22095.27050091672,0.2485965011923929,0.2491017183693048,0.2494733846278771,-0.002022089850555506,-0.003507047151243083
raw,MW-05,23666.21532871573,0.2620209575776229,0.26051767087653693,0.26145236397985716,0.005731859334321721,0.002164120598906465
raw,MW-05,26054.87285607921,0.283531521641074,0.2767442088036681,0.2785384043241528,0.02414346614779344,0.017704357237959666
raw,MW-05,27907.705828679387,0.2910736505780223,0.28850104818252376,0.29095692896346553,0.008847080799554633,0.00039971063228389793
raw,MW-05,29484.707966213384,0.2910533144582056,0.2980008320619912,0.30101292025184473,-0.02350998683996492,-0.03353342938773657
raw,MW-06,1061.9286807004416,0.0073161407556857,0.001469898998338962,0.004669942648793261,1.2140210372975895,0.3830192929034281
raw,MW-06,1625.444646870915,0.0137592338545959,0.008121578230253472,0.011606227366994072,0.48122607027749575,0.15767798361589505
raw,MW-06,2229.1713675632586,0.0215224062613374,0.018449297492323973,0.02139015681936602,0.14669969676843655,0.005889212956543484
raw,MW-06,2815.213756085184,0.0327939280601552,0.02982806262011629,0.03205517372927456,0.09185574397279803,0.02210304662493284
raw,MW-06,3506.938827059033,0.0461726945588318,0.04371910611599443,0.045165105107634176,0.053414379897960676,0.021591008079518328
raw,MW-06,4135.402879511229,0.052661297660028,0.05620765231988706,0.05707035955823081,-0.0639956435442748,-0.07896334346206473
raw,MW-06,4876.235856886442,0.0667353260792802,0.070437434842673,0.0707665948968785,-0.05321418240078851,-0.057811268592954684
raw,MW-06,5517.776803989317,0.0781491672283398,0.08221984552203722,0.082200825925659,-0.05015158245734497,-0.04992300993332411
raw,MW-06,6158.586851459692,0.0891376200880101,0.09345963249795097,0.09317727726449838,-0.046834959385241924,-0.043841319967828515
raw,MW-06,6780.002253454908,0.1016729209400868,0.10386043309592494,0.10338695007705236,-0.02108184666830303,-0.016556257675906565
raw,MW-06,7261.86127635198,0.1129601511323862,0.11159992241486952,0.11101341163707322,0.012007809144621068,0.01723022493123714
raw,MW-06,8217.37418054105,0.1288410807091418,0.12615715050948526,0.12541745172088897,0.020887519473343653,0.026721706968689852
raw,MW-06,9171.9437633624,0.1394158311809514,0.13973599579437276,0.13891428286039717,-0.002277522115077389,0.0035782731186263165
raw,MW-06,9823.928268921049,0.1508664194277089,0.14850785563205685,0.14766025460362803,0.015652377419359504,0.021337782950491994
raw,MW-06,10815.32662866199,0.1676090157325658,0.16113891916731177,0.1602867657215549,0.039129024742543275,0.04439858407237813
raw,MW-06,12071.844967580815,0.1766508110170435,0.17604998821090048,0.1752359242343122,0.00338777573712176,0.007996311705917658
raw,MW-06,13108.88104145798,0.1911562669454957,0.1875391675864761,0.1867822719015184,0.01900316043148903,0.023025767841905746
raw,MW-06,14235.377033686069,0.1962377243242712,0.19927965712407017,0.19860297426005527,-0.015304951785528084,-0.011920541176947196
raw,MW-06,15672.16952602484,0.2123478255152898,0.21326676022290006,0.2127108520481169,-0.004297964348472291,-0.0017001252490179406
raw,MW-06,17492.95303966443,0.2238030897743245,0.22961397126898336,0.22922924461868696,-0.02552033012264233,-0.023850665792516174
raw,MW-06,18995.940154026557,0.2358845572251783,0.24210638360364214,0.24187131395730638,-0.025926217997375225,-0.02495880872798437
raw,MW-06,21202.321879058683,0.2620575740700381,0.25904636858854296,0.25903660277587587,0.01151296519380769,0.011550520019502651
raw,MW-06,23024.016392645204,0.2762041171520366,0.271952202362877,0.2721291194403692,0.015457422909981844,0.014809471490959491
raw,MW-06,25698.933186767536,0.2911041574219668,0.28940473039227443,0.28985185355608223,0.00583487011703114,0.004296398934608898
raw,MW-06,28293.12584264419,0.306813350735506,0.30488511204389396,0.30558669508718905,0.006284014557248583,0.00399302469619964
raw,MW-06,30724.461726198715,0.314969290323123,0.3182988120399662,0.31923061943686704,-0.010482352857463594,-0.013396395622095937
raw,MW-06,31580.20469908912,0.3233646292915562,0.32279625592208255,0.32380708129160773,0.0017538038105188987,-0.0013631280024964912
raw,MW-07,7076.662191295762,0.0040885262398682,0.004445588239982106,0.0010598271977367432,-0.06781753526773583,0.9043661536474363
raw,MW-07,7475.66711518701,0.0051819319617621,0.005503195164894721,0.0018958201663969692,-0.050662782166108616,0.7583624624307778
raw,MW-07,8007.491963230448,0.0050467791918019,0.007041614826328152,0.003213247465388601,-0.28510414677442214,0.3612920455020217
raw,MW-07,8575.241285538854,0.0076914451749578,0.008830113515440247,0.0048591203139545566,-0.12311125328231132,0.39433975342006744
raw,MW-07,9440.378936427876,0.0090072390309083,0.011806201970166833,0.007793312549343948,-0.2466208483052068,0.12931723918273696
raw,MW-07,10110.385415880148,0.0120333892716418,0.014287307582189743,0.0103735044953542,-0.1595084440676064,0.1362279869980302
raw,MW-07,10535.086257310622,0.0140929544685323,0.01592767456874141,0.012129007076775422,-0.11472178760947266,0.13940398047482616
raw,MW-07,11283.969283821049,0.0152504458196402,0.018929218299161575,0.015418823764311638,-0.20406656768125284,-0.010308123674850664
raw,MW-07,11757.968152547408,0.017860623778498,0.020891036409684816,0.017611216927069875,-0.1490009058665014,0.013311891263567766
raw,MW-07,12252.038509368787,0.020373762153777,0.02297945960262535,0.0199728675871072,-0.11503351179720751,0.01893451952668016
raw,MW-07,12767.036976140367,0.0226363483064248,0.025197254940784924,0.022505086745508236,-0.10286892238285528,0.005568854660320373
raw,MW-07,13674.21918325309,0.0258205688235015,0.02918742976812678,0.02710435577769859,-0.11825651832981952,-0.046755487650836425
raw,MW-07,14249.183828204868,0.027942256054416,0.031760588327487405,0.030088460404938455,-0.12392354310452489,-0.07153402782350111
raw,MW-07,14847.935181081231,0.031873963975321,0.034468498713566935,0.033235884234773576,-0.07596396642037793,-0.040593364682188396
raw,MW-07,15261.28248718852,0.0335969499599582,0.036351506981068434,0.035425544304360145,-0.0766077315851021,-0.051504768391136886
raw,MW-07,15902.353944606668,0.0393472092840099,0.03928906117761494,0.038838390699266444,0.0014422322892972397,0.012691191792388973
raw,MW-07,16345.05490494923,0.0414741706554736,0.041327024233957954,0.041201162280025024,0.003470389052619428,0.006448379049566392
raw,MW-07,17267.998796713553,0.0448813371197203,0.04559186527243277,0.04612430660512307,-0.015367525240177742,-0.026730496026349557
raw,MW-07,17748.48503073595,0.0485701042393151,0.047817065512877344,0.04867789940594049,0.01530796004131891,-0.002172239340909236
raw,MW-07,18495.004036073147,0.05119472621216,0.05127590517943436,0.05262176789168645,-0.0015541015217741287,-0.02697364364933671
raw,MW-07,18750.18408031657,0.0554033542907908,0.052457821116975716,0.053961505599731015,0.05363567735456565,0.025895587973839174
raw,MW-07,19809.45560115311,0.0568781142179882,0.05735618724633108,0.059465529415633066,-0.008226069553989423,-0.04373412059502012
raw,MW-07,20642.390663387203,0.061551813294089,0.06119335074288773,0.06371716314797127,0.005747133215503354,-0.03403121308788157
raw,MW-07,21807.988973394557,0.0666083887663587,0.0665315767615226,0.06953473385754315,0.0011367771600033231,-0.04237319779547876
raw,MW-07,22725.254768679617,0.0702077600971386,0.07070050436308226,0.07399325193042743,-0.006895979326156728,-0.05179633262012754
raw,MW-07,23357.28447746919,0.0780059695962913,0.0735542607479146,0.07700001026257733,0.05799622165506909,0.012814455861096976
raw,MW-07,24676.50591736105,0.0822198050602082,0.07945624306602614,0.08309656510135373,0.033771888846156256,-0.010480362028104448
raw,MW-07,26069.5540503123,0.0913490410998824,0.08560155837438903,0.0892629507345889,0.06425751277395532,0.022848237903486977
raw,MW-07,27541.964709383778,0.0962836612446436,0.09199300411482278,0.09547267202109332,0.04510678790739495,0.008371276911945995
raw,MW-07,29097.15606502843,0.1041935110731739,0.09862256028837435,0.1016886638193431,0.05441296872657032,0.024099887251155475
raw,MW-07,30740.163238396784,0.1127531671460985,0.10548776109337431,0.1078799627116503,0.06600084125136316,0.04378488461490636
raw,MW-07,33842.35887526115,0.1252660959130316,0.11805782369132388,0.11856207665075896,0.05878226394312909,0.05455584603483176
raw,MW-07,36248.506319050175,0.1320305887078479,0.12745760999538475,0.12599775729219684,0.03498012545520418,0.04640966487650648
raw,MW-07,40460.896725573184,0.1320121404829983,0.1432027020042075,0.1374113051759594,-0.0807795566856763,-0.03978931876206604
raw,MW-07,41020.75762685282,0.132009834636145,0.14522958886369758,0.13878769352987738,-0.09475484292630078,-0.049701726690371116
raw,MW-03,892.8513557347239,0.0019954037586295,-0.00030054648945685466,-7.452664100783093e-05,1.4545349814430508,1.1745289662885956
raw,MW-03,1497.5627523886849,0.0049260668931811,0.0010228093872984025,0.001884244891498651,1.0748734062132388,0.7200976075186624
raw,MW-03,2110.661975676655,0.010851627070073,0.005347530093936526,0.0063551426131366355,0.6243993879923736,0.477065419824184
raw,MW-03,2665.583524413961,0.0161048988514509,0.011157122763773066,0.011887691829509163,0.3414496713022914,0.2830921708610501
raw,MW-03,3320.499509819557,0.0232803365984643,0.019412083742379054,0.019564663171968432,0.1735397634953054,0.1660926064488564
raw,MW-03,3861.8591970605607,0.0302900886739546,0.026877410038064,0.026500867561800177,0.1154847068083132,0.12908383973914847
raw,MW-03,4553.807751956883,0.0364154623337162,0.036813593283797505,0.03582280119766219,-0.010584598299525343,0.01596679929806394
raw,MW-03,5152.793504929818,0.0449503774180422,0.0455285402733226,0.04411833973160393,-0.012503831196812273,0.018273252651760906
raw,MW-03,5672.647759746984,0.0526401456064555,0.05306447577578612,0.0513908353296872,-0.00787955724362595,0.023566095180291676
raw,MW-03,6507.703035968961,0.0632874412225074,0.0649765672678452,0.06307474167195055,-0.02593534077855999,0.0033140562186356765
raw,MW-03,7066.564395807152,0.0721887279082367,0.07276062628851614,0.07082845650590286,-0.0077836513237561295,0.018760691083001504
raw,MW-03,7779.6987102310895,0.0801999654898903,0.0824358859755112,0.08058526652165873,-0.02716368212755437,-0.004733866168819167
raw,MW-03,8683.198303800025,0.0914767784283815,0.09425199825948379,0.09265779905592662,-0.02956842390488597,-0.012690135199117865
raw,MW-03,9429.255023467114,0.0964149306326512,0.10363096344256124,0.10234191420147405,-0.07146003462473988,-0.05906355520600289
raw,MW-03,10380.688273050093,0.1099736296524262,0.11510511028510902,0.11428240612028889,-0.04520330158301975,-0.038092221050787856
raw,MW-03,11428.273011574876,0.1221780956458189,0.1271345642054311,0.1268742180217891,-0.039449754354351774,-0.03741586886710686
raw,MW-03,12581.741361908891,0.1322082847491515,0.13969346581109493,0.1400560499440576,-0.05466956847839068,-0.05724337473428966
raw,MW-03,13110.770212337511,0.1430718962943032,0.1452277122563148,0.14586445954722083,-0.014852624871225548,-0.01919766273947673
raw,MW-03,14433.676706712224,0.1631919001911477,0.15848980011243524,0.15975249686679094,0.029055895838740957,0.021169971275029155
raw,MW-03,15673.81209459487,0.1720014194537744,0.17022965427587722,0.1719767164677271,0.010294136463186492,0.000142800850830954
raw,MW-03,16788.199630193274,0.1812896658393014,0.18025858289288546,0.1823407658563897,0.0056723459108661166,-0.005749537355222374
raw,MW-03,17981.818661741912,0.1910794866955053,0.19050075663340185,0.19282886066774285,0.003017519860839892,-0.009066328661404055
raw,MW-03,19260.05013063209,0.2067733466109706,0.20094427160794248,0.2034032711831302,0.028456029604280085,0.016352943780885497
raw,MW-03,20629.41449911135,0.2179393113767366,0.21158339086536523,0.21403256845808608,0.02946023542466918,0.01800507655534229
raw,MW-03,22711.564329321605,0.2358310005097514,0.22678496569993256,0.22893634190421694,0.03894475772640548,0.029544312471527813
raw,MW-03,24662.932314851376,0.24856176557396,0.24008412841237975,0.24167236810620987,0.03456048883944589,0.027994187769208107
raw,MW-03,26056.2381997182,0.2551781326873646,0.24908034389883718,0.2501156618385374,0.024090791484046616,0.019959396179805338
raw,MW-03,27528.2574048027,0.2619706182543793,0.25817494099149824,0.25850384006628074,0.01453902674199112,0.013270807833191204
raw,MW-03,29893.473618808897,0.2761124672373931,0.27199089080318933,0.27095371997644147,0.014985015084538391,0.01879153801762848
raw,MW-03,32911.94872071768,0.2760787091458907,0.28836391088203106,0.2852387972609932,-0.043383488814297155,-0.03252480353056157
raw,MW-03,34771.273931913165,0.2834275388731264,0.2978305868108901,0.2932631880374549,-0.04939828879599115,-0.03399603957278841
raw,MW-04,733.1993419373242,0.0021224214255649,-0.00017198218571763235,-0.00013593341993983985,1.3273294087451266,1.2847142516428411
raw,MW-04,1341.6336796295368,0.0050582520390065,9.409051063551014e-05,0.0009866793906234271,1.7114978818175095,1.1149567190006817
raw,MW-04,1944.0452289075504,0.0069353650858096,0.0030306486257087933,0.004544469387902156,0.6774020501587557,0.3585284382426278
raw,MW-04,2388.475931369305,0.011436826540595,0.006766692553088648,0.008377140176185342,0.4708175486151372,0.28238712226574986
raw,MW-04,2894.761016686927,0.0152768403335269,0.012189205973769393,0.013621508425832715,0.21034449322123458,0.1072496345297554
raw,MW-04,3556.7690553787024,0.0220837274811859,0.020504736774724787,0.021444008774829652,0.07085470527949815,0.028104222396637325
raw,MW-04,4193.833321551511,0.0294995612141422,0.029264376431365435,0.02963675541577607,0.0077409715794069765,-0.00448814843594945
raw,MW-04,4877.577525874373,0.0383819332353667,0.03906092229011603,0.038859907301746474,-0.017094188878281194,-0.01206382537282566
raw,MW-04,5595.446037347412,0.0486414203000463,0.04948323711675226,0.04879617603219299,-0.01681577096100492,-0.0031126226457541366
raw,MW-04,6781.60120459061,0.0632841249684634,0.06652682159987991,0.0653624373365961,-0.04921216529769297,-0.03181848295945336
raw,MW-04,7263.288406305438,0.0760909776105637,0.07329607333837009,0.07204980508576948,0.03692815022557913,0.05384478184666049
raw,MW-04,7996.170704416044,0.08679154708432,0.08337456373114775,0.0821100308827607,0.03969924275478682,0.05479981818645589
raw,MW-04,8803.233138264999,0.0939166837565277,0.09413600029552133,0.09297337231422272,-0.002307956211611755,0.009988024822771861
raw,MW-04,9429.255023467114,0.0964149306326512,0.10223016542684524,0.101214069112529,-0.05798162016685506,-0.048089840027371315
raw,MW-04,10239.27848180204,0.1043319196296718,0.11237356665664402,0.11160890530688033,-0.07357176226465892,-0.06680429696980811
raw,MW-04,11118.88728928914,0.1128990020755771,0.12297472137766753,0.1225325197507923,-0.08476557595897054,-0.08119233021985871
raw,MW-04,11746.575229822984,0.1254346878247327,0.13028471913494294,0.13008806611943521,-0.0376425201759786,-0.036143484731871095
raw,MW-04,13291.662680180383,0.1548335843539637,0.14742314291924877,0.1478273196467843,0.04872140272187716,0.046001965563517704
raw,MW-04,14236.68250871845,0.1631947507024796,0.15734385158535544,0.158081859935838,0.03628428335660644,0.03163431548396161
raw,MW-04,15459.892238565157,0.1720044238430528,0.1696030061250763,0.17070612359013101,0.013977909718349241,0.0075327337768150695
raw,MW-04,16787.759774645434,0.1910961754303542,0.18222600367355296,0.18361865595029075,0.047275776695335045,0.039703781863906155
raw,MW-04,18230.395804739663,0.1961760354119952,0.19520412968117185,0.19676964496412658,0.004941315270152886,-0.0030060336326037285
raw,MW-04,19796.48434724044,0.212284780226151,0.2085084752832831,0.21008754936705773,0.01786407573581847,0.01035529576420246
raw,MW-04,21204.266267449348,0.2179316979817163,0.21983772691442757,0.2212758958607183,-0.00866836464654618,-0.015159584605720927
raw,MW-04,23344.43652823909,0.2358227620944165,0.2360393479756135,0.23700028508562623,-0.0009141304682377608,-0.00495984940973093
raw,MW-04,24663.25540907876,0.2421000347236599,0.24546973235137912,0.24599037746981606,-0.013766172134894394,-0.015876354098022398
raw,MW-04,26781.961011010157,0.2619797701392082,0.25983128194525357,0.25943563090640925,0.008203340627876523,0.009721377184845668
raw,MW-04,28686.123402994188,0.276126936254489,0.27199096404437845,0.27057714405443273,0.015036958948881763,0.02022941567005023
raw,MW-04,30726.47429230253,0.2761028216472062,0.28431880784975405,0.28163814439261575,-0.0292185445162005,-0.019778803168204254
raw,MW-02,901.0884584524952,0.001909677097608,-0.00031937889741451135,-3.3704457616222328e-06,1.4527916235454013,1.0714182505141785
raw,MW-02,1497.5627523886849,0.0049260668931811,0.0009641564682216404,0.002348519618209278,1.1042978622746453,0.5708423940148484
raw,MW-02,2110.6343255271117,0.0111412606238008,0.005356459392603825,0.007347755143224533,0.6471380976897468,0.37461696315644866
raw,MW-02,2702.4674324631665,0.0161046175483056,0.011781576901608928,0.013783134733115708,0.2913436295511757,0.14586147318600398
raw,MW-02,3230.48012452654,0.0232811498918052,0.018648520700309118,0.020350902127004338,0.21169827164501517,0.1286063317252133
raw,MW-02,3861.8086058311046,0.0310985412653234,0.027663954556545294,0.028825586645620453,0.11317019103838978,0.07344394827167088
raw,MW-02,4491.479795078085,0.0394104899641595,0.03709825363075695,0.037670452818892294,0.05892095922235301,0.044013588466813115
raw,MW-02,5223.956278280642,0.047381052476127,0.0482557628594076,0.04819887939070752,-0.01791811383725264,-0.016762587318045932
raw,MW-02,5518.716583789501,0.055489549684889,0.05274146710694229,0.052464650309567484,0.04987075680886961,0.055034966076940556
raw,MW-02,6418.71620518721,0.0667120167216234,0.06627370120375548,0.06546958870978607,0.006494273099719401,0.018519133320191825
raw,MW-02,6874.988465389783,0.0721912498052654,0.072994805083369,0.07200831323188553,-0.010919013521255481,0.002502561089162044
raw,MW-02,7568.888724484645,0.0781177776605678,0.08299333166091663,0.08183235860911144,-0.05979981199634378,-0.04588119079818215
raw,MW-02,8218.989091703006,0.0867885151469966,0.09209575433035005,0.09087177366931899,-0.058697894813888964,-0.04546315528870583
raw,MW-02,8803.233138264999,0.0939166837565277,0.1000489338834191,0.09883868302274011,-0.06260539969684674,-0.050556219945734095
raw,MW-02,9559.227506082812,0.1071259289170434,0.11001924726367317,0.10890682416318065,-0.026407028696909546,-0.016336397422836404
raw,MW-02,10238.607815047264,0.1190185253731157,0.1186749220395075,0.11770996868982846,0.0028670251329831566,0.01096282866430731
raw,MW-02,11118.30466097892,0.1254434520432249,0.12946869198943195,0.12875297436097727,-0.031338101049770556,-0.025837256763816187
raw,MW-02,11908.489563569648,0.1393695702882484,0.13878296706205984,0.13832570503652591,0.004187747782115257,0.007464338446207429
raw,MW-02,12931.492534198966,0.1508137247076044,0.15033611560729276,0.15023341126093762,0.003150979693633817,0.003829860685799373
raw,MW-02,13662.04332264523,0.154828175466358,0.15825765899096783,0.1584069056870003,-0.02176942652933832,-0.02270612752146667
raw,MW-02,14633.013331227836,0.1720164419249591,0.1683894115675178,0.16885572045010247,0.021186355250640856,0.018437256547349498
raw,MW-02,16332.85431742592,0.1861348499699167,0.18512478103810573,0.18605781894349707,0.005412165224623256,0.00041171852848662956
raw,MW-02,16787.759774645434,0.1910961754303542,0.18940343765948073,0.1904367428290748,0.008850983183631356,0.0034387309130111546
raw,MW-02,18230.15698242891,0.2014120393702688,0.2024593044614272,0.20373055243934712,-0.005160588108891671,-0.011389317541942702
raw,MW-02,19259.79781961665,0.2122921963473654,0.2113365958808715,0.21269868369885506,0.004490307467816046,-0.0019039632614227078
raw,MW-02,21203.710709714687,0.2297202865731176,0.22719123023032853,0.22853926811684472,0.011022089679490381,0.005131978407824613
raw,MW-02,22711.26680268901,0.2421254087414165,0.23875135873594872,0.23992340132219567,0.013975014519210028,0.009098349437465866
raw,MW-02,23994.00110864451,0.2552048773942678,0.24813202322912228,0.24904552088849394,0.027994457007148664,0.024334441888752147
raw,MW-02,25349.51644313068,0.2619980748680343,0.25762825067092393,0.25816588108552746,0.01675500721942933,0.014678388058127356
raw,MW-02,27151.83390024853,0.2761462294567354,0.2696489087594697,0.2695352984481666,0.023722829761137734,0.024142687958989398
raw,MW-02,29893.08200753926,0.2834820012803632,0.2867497628769438,0.2853505242387575,-0.011421236369665081,-0.006546682427682735
raw,MW-02,31582.273319528853,0.2834621955578855,0.29665517749736864,0.2943091678867725,-0.04533532958184674,-0.03742246982963526
raw,MW-01,1749.9370784686248,0.0049685251186085,0.003837097437206523,0.00011191676824233051,0.2101850102953969,1.6804145037494838
raw,MW-01,2366.7248800638467,0.0111396390308051,0.010126937062943554,0.0033900024335653174,0.08710712040529332,1.0171462698883895
raw,MW-01,2777.846188293423,0.0152776408800078,0.01521117396123534,0.006939877090037324,0.0040916858204315025,0.7178946456885632
raw,MW-01,3460.344356911626,0.0220844989712554,0.024481009476306555,0.014629040040019128,-0.09877209622445093,0.3900306273119514
raw,MW-01,3723.338409794555,0.0238982177094655,0.028201157603484114,0.01803423156546799,-0.15941212946764377,0.2685572035139013
raw,MW-01,4080.1911387794944,0.0287336802445527,0.03330655866225095,0.022935579209326127,-0.14305613226810748,0.21691439645421826
raw,MW-01,4370.058388565273,0.0336503949286067,0.037472151741941635,0.027100557050496885,-0.10462552496329196,0.20951972321763732
raw,MW-01,4811.007206170923,0.0383826036616287,0.04379499624836784,0.03365937449768555,-0.12877225492896127,0.12775595005135962
raw,MW-01,5443.9663595323855,0.0449472369198928,0.0527601039484501,0.04335327639373695,-0.15703791510433873,0.035307132801450966
raw,MW-01,6160.119951039825,0.0540394649203654,0.06265207076333651,0.05445563193193569,-0.14538138614194682,-0.007532804464800576
raw,MW-01,6781.423524733402,0.066707355827164,0.07097000330422769,0.06403185405873693,-0.06105458413340847,0.04031761500112233
raw,MW-01,7363.887620080845,0.0741115855443019,0.07852784848486814,0.07286925821681983,-0.05713244062330381,0.016678065352709225
raw,MW-01,8107.239223195302,0.0781109555100175,0.08782960814246847,0.08386600948840113,-0.1158686522460849,-0.07022228656323094
raw,MW-01,9048.65937355754,0.091471985056576,0.09906588806549962,0.09724544035326224,-0.07892311528402028,-0.06056310666175462
raw,MW-01,9825.858906502734,0.1016249821532724,0.10790300409050847,0.10778484291078494,-0.05937622145962455,-0.05829061936510283
raw,MW-01,10966.846771117893,0.1190081312948063,0.12020374597417205,0.12239968494161219,-0.00991347925880828,-0.027869057044199213
raw,MW-01,12240.808272343154,0.1287758333788951,0.13307034680529148,0.13752629857081639,-0.03255603494395148,-0.06525158556586513
raw,MW-01,12932.000763950902,0.1393549647746444,0.13970078493292196,0.14522663037670588,-0.0024608664519928246,-0.04098300462512045
raw,MW-01,14434.054883006163,0.1548173582579949,0.15334153805662895,0.1608048837009139,0.009516614594264844,-0.03770664678118681
raw,MW-01,15890.900152424265,0.1675270618394586,0.16566716122338182,0.17451399268806864,0.011097564195420078,-0.04062242885857469
raw,MW-01,17736.398591879046,0.1910828243258747,0.18016434660092426,0.19010866477913724,0.058522044148361464,0.0050844638937977546
raw,MW-01,20348.392555175127,0.206758900206965,0.19886239549271836,0.20924757513572456,0.03874916655049405,-0.0119074917778627
raw,MW-01,21204.54405177521,0.2122662410565332,0.2045866645680798,0.21486576313188288,0.03667367274692297,-0.01211540433732248
raw,MW-01,23344.742349647,0.2296922004872855,0.21813426906217015,0.22767896806794818,0.05139971388983544,0.008765222751036977
raw,MW-01,23994.94411388533,0.2358145239668788,0.22205204664954714,0.2312531533735445,0.05987209817307248,0.01944928035036907
raw,MW-01,25350.51272244024,0.2420915773086706,0.22994958236933466,0.238273204221162,0.051238805140088314,0.015832220728323267
raw,MW-01,26782.311865356674,0.255169218407915,0.2379224132840589,0.24510419543975967,0.06969936689803269,0.0400832305600794
raw,MW-01,28686.499202625764,0.2689486080088942,0.2479927056130321,0.2533562800199988,0.08080799886465387,0.059495638743625644
raw,MW-01,30726.47429230253,0.2761028216472062,0.25817370975435444,0.2612645316217697,0.06689010367593656,0.055034977519929036
raw,MW-01,32911.94872071768,0.2760787091458907,0.268459292023771,0.26880440851315,0.027884285430618723,0.026604330795615503
raw,MW-01,34771.72944943819,0.2760594206610109,0.2767576771956946,0.2745560581324848,-0.0025170706023294144,0.00544091251494761
raw,MW-01,37244.60447416697,0.2809253680643443,0.28721196165477453,0.28138030734979813,-0.02205380374751169,-0.001612386349586676
raw,MW-01,39893.51814897739,0.2833780366735856,0.2977536688235343,0.28778808804688144,-0.049314915690373134,-0.0153886917321421
raw,MW-01,42731.01466565226,0.2833532888160979,0.3083776621742604,0.2937705430895733,-0.0843452985233245,-0.035979793875200686
raw,MW-01,45145.64888461688,0.283333492086231,0.31693232697454,0.29824682773495725,-0.11169073471995478,-0.05112092650612041
